Jeder	O
Leser	O
ist	O
angehalten	O
,	O
durch	O
Prüfung	O
der	O
Beipackzettel	O
der	O
verwendeten	O
Präparate	O
festzustellen	O
,	O
ob	O
die	O
dort	O
gegebenen	O
Empfehlungen–	O
insbesondere	O
auch	O
hinsichtlich	O
möglicher	O
Kontraindikationen	b-med
–	O
.	O
gegenüber	O
den	O
Angaben	O
indiesem	O
Buch	O
abweicht	O
.	O
Jede	O
Dosierung	b-med
oder	O
Applikation	b-med
erfolgt	O
auf	O
eigene	O
Gefahr	O
desBenutzers	O
.	O
Für	O
Hinweise	O
und	O
Änderungsvorschläge	O
zu	O
unseren	O
eigenen	O
Angaben	O
sind	O
wirdankbar	O
.	O
Geschützte	O
Warennamen	O
(Warenzeichen)	O
werden	O
nicht	O
immer	O
besonders	O
kenntlich	O
gemacht	O
.	O
Aus	O
dem	O
Fehlen	b-med
eines	O
solchen	O
Hinweises	O
kann	O
also	O
nicht	O
geschlossen	O
werden	O
,	O
dass	O
es	O
sichum	O
einen	O
freien	O
Warennamen	O
handelt	O
.	O
Ebenso	O
unvorhersehbar	O
wie	O
InfluenzaPandemien	b-med
sind	O
,	O
ist	O
auch	O
das	O
Virus	b-med
selbst	O
.	O
Wirwissen	O
nichts	O
über	O
die	O
Pathogenität	b-med
des	O
nächsten	O
pandemischen	b-med
VirusStammes	b-med
.	O
Dienächste	O
Pandemie	b-med
könnte	O
relativ	O
gutartig	O
verlaufen	O
,	O
wie	O
1968	O
und	O
1957	O
,	O
oder	O
wirklich	O
bösartig	O
wie	O
die	O
Episode	b-med
von	O
1918	O
.	O
Wir	O
wissen	O
nicht	O
,	O
ob	O
die	O
nächste	O
Pandemiedurch	O
das	O
gegenwärtige	O
H5N1-Virus	b-med
oder	O
durch	O
einen	O
anderen	O
VirusStamm	b-med
ausgelöst	O
wird	O
.	O
Wir	O
wissen	O
nicht	O
,	O
wie	O
sich	O
die	O
nächste	O
Pandemie	b-med
zeitlich	O
entwickelt	O
undwie	O
schnell	O
bzw	O
.	O
in	O
wie	O
vielen	O
Wellen	O
sie	O
sich	O
um	O
die	O
Welt	O
verbreitet	O
.	O
Wir	O
wissennicht	O
,	O
welche	O
Altersgruppen	O
bezüglich	O
eines	O
schweren	O
Krankheitsverlaufes	O
besonders	O
gefährdet	O
sind	O
.	O
Und	O
wir	O
haben	O
keine	O
Vorstellung	O
darüber	O
,	O
ob	O
die	O
nächste	O
Pandemie	b-med
2	O
,	O
2.	O
oder	O
20.	O
Millionen	O
Menschen	O
umbringen	O
wird	O
.	O
Es	O
überrascht	O
nicht	O
,	O
dass	O
Mitarbeiter	O
des	O
Gesundheitswesens	O
mittlerweile	O
auf	O
das	O
Risiko	O
einer	O
neuen	O
Pandemie	b-med
aufmerksam	O
geworden	O
sind	O
.	O
Das	O
Auftreten	O
der	O
H5N1Influenza	b-med
bei	O
Vögeln	O
mit	O
gelegentlicher	O
Übertragung	b-med
auf	O
Menschen	O
ist	O
wegen	O
derinteressanten	O
Parallelen	O
zwischen	O
dem	O
H5N1-Virus	b-med
und	O
dem	O
Influenzastamm	b-med
von1918	O
von	O
großem	O
Interesse	O
.	O
Sollte	O
H5N1	b-med
die	O
Eigenschaft	O
erlangen	O
,	O
leicht	O
vonMensch	O
zu	O
Mensch	b-med
übertragbar	O
zu	O
sein	O
,	O
sagt	O
selbst	O
die	O
zurückhaltenste	O
Prognoseweltweit	O
bis	O
zu	O
einige	O
10.	O
Millionen	O
ambulante	O
Arztbesuche	O
,	O
mehr	O
als	O
25	O
MillionenKrankenhauseinweisungen	O
und	O
einige	O
Millionen	O
Todesfälle	O
voraus	O
(WHO	O
Checklist	O
2005)	O
.	O
Wenn	O
man	O
mit	O
einer	O
unbekannten	O
Bedrohung	O
konfrontiert	O
wird	O
,	O
ist	O
esratsam	O
,	O
sich	O
das	O
Schlimmste	O
vorzustellen	O
und	O
dafür	O
Vorbereitungen	O
zu	O
treffen	O
.	O
In	O
diesem	O
schwierigen	O
Zusammenhang	O
leistet	O
die	O
WHO	b-med
eine	O
erstaunliche	O
Arbeit	O
.	O
In	O
den	O
folgenden	O
Abschnitten	O
werden	O
wir	O
die	O
unterschiedlichen	O
Facetten	O
des	O
Krieges	O
gegen	O
Influenza	b-med
betrachten:	O
Die	O
globale	O
und	O
die	O
individuelle	O
Bedeutung	O
derErkrankung	O
,	O
das	O
eigentliche	O
Virus	b-med
und	O
den	O
sowohl	O
individuellen	O
als	O
auch	O
globalenUmgang	O
mit	O
etwas	O
,	O
das	O
sich	O
eines	O
Tages	O
in	O
der	O
Medizingeschichte	b-med
als	O
die	O
Krise	O
imGesundheitssystem	O
mit	O
der	O
größten	O
Herausforderung	O
herausstellen	O
könnte	O
.	O
Globale	O
BedeutungEpidemien	O
und	O
PandemienBei	O
der	O
Influenza	b-med
handelt	O
es	O
sich	O
um	O
eine	O
ernsthafte	O
Atemwegserkrankung	O
,	O
die	O
denOrganismus	O
schwächen	O
und	O
Komplikationen	b-med
verursachen	O
kann	O
.	O
Insbesondere	O
beiälteren	O
Menschen	O
kann	O
sie	O
zur	O
Krankenhauseinweisung	O
und	O
Tod	O
führen	O
.	O
Manschätzt	O
die	O
jährliche	O
globale	O
Belastung	b-med
durch	O
Influenzaepidemien	O
auf	O
3	O
bis	O
5	O
Millionen	O
schwer	O
verlaufende	O
Erkrankungen	b-med
und	O
30.	O
.	O
Dasgrößte	O
Risiko	O
für	O
einen	O
schwerwiegenden	O
Krankheitsverlauf	O
und	O
Tod	b-med
haben	O
Personen	O
über	O
65	O
Jahre	O
und	O
Kinder	b-med
unter	O
2	O
Jahren	O
sowie	O
Personen	O
mit	O
Vorerkrankungen	O
,die	O
ein	O
höheres	O
Risiko	O
für	O
das	O
Auftreten	O
von	O
Komplikationen	b-med
einer	O
Influenza	b-med
bedingen	O
(CDC	O
2005)	O
.	O
Neue	O
epidemische	O
Influenza	b-med
A-Stämme	b-med
treten	O
alle	O
1-2	O
Jahre	O
durch	O
selektiertePunktmutationen	O
innerhalb	O
von	O
zwei	O
Oberflächenglykoproteinen	O
auf:	O
Hämagglutinin	O
(HA)	O
und	O
Neuraminidase	O
(NA)	O
.	O
Die	O
neuen	O
Varianten	O
sind	O
in	O
der	O
Lage	b-med
,	O
die	O
Abwehrmechanismen	O
des	O
menschlichen	O
Wirts	O
geschickt	O
zu	O
umgehen	O
.	O
Daher	O
bestehtkeine	O
anhaltende	O
Immunität	b-med
gegen	O
das	O
Virus	b-med
,	O
weder	O
nach	O
einer	O
natürlichen	O
Infektion	b-med
noch	O
nach	O
einer	O
Impfung	O
,	O
wie	O
dies	O
nach	O
einer	O
Pocken-	O
,	O
Gelbfieber-	O
,	O
Polio-	O
oderMasernimpfung	O
der	O
Fall	O
istz	O
.	O
Diese	O
ständigen	O
und	O
meist	O
kleinen	O
Veränderungen	O
derAntigenität	O
des	O
Influenza	b-med
A	O
Virus	b-med
nennt	O
man	O
„Antigendrift“	O
.	O
Im	O
Gegensatz	O
zu	O
Epidemien	O
sind	O
Pandemien	b-med
seltene	O
Ereignisse	b-med
,	O
die	O
alle	O
1.	O
bis	O
50Jahre	O
auftreten	O
.	O
Quelle:	O
National	O
Institute	O
of	O
Allergy	O
and	O
Infectious	O
Disease	O
Globale	O
Bedeutung	O
13Ihr	O
Einfluß	O
auf	O
die	O
Sterblichkeit	b-med
reichte	O
von	O
verheerend	O
über	O
moderat	O
bis	O
hin	O
zumild	O
(Simonson	O
2004)	O
.	O
Die	O
Pandemie	b-med
von	O
1918	O
wurde	O
durch	O
ein	O
H1N1	O
Virus	b-med
verursacht	O
und	O
stammte	O
offenbar	O
von	O
Vögeln	O
ab	O
(	O
Reid	O
1999	O
)	O
,	O
während	O
die	O
nachfolgenden	O
Pandemie	b-med
Stämme	i-med
–	O
H2N2	O
1957	O
und	O
H3N2	O
1968	O
–	O
reassortete	O
Viren	b-med
waren	O
,	O
die	O
Gene	b-med
von	O
Vogelgrippeviren	b-med
enthielten:	O
1957	O
waren	O
es	O
drei	O
Gene	b-med
(Hämagglutinin	b-med
,	O
Neuraminidase	b-med
und	O
die	O
RNA	b-med
Polymerase	O
PB1)	O
,	O
1968	O
waren	O
es	O
zwei	O
(Hämagglutinin	O
und	O
PB1)	O
.	O
Diese	O
größeren	O
Veränderungen	O
in	O
der	O
Antigenitäteines	O
Influenzavirus	b-med
nennt	O
man	O
„Antigenshift“	O
(Abb	O
.	O
2)	O
.	O
Influenza	b-med
Pandemien	b-med
kreisen	O
in	O
Wellen	O
um	O
die	O
Welt	O
,	O
und	O
es	O
gibt	O
keine	O
Möglichkeit	O
,	O
der	O
Verbreitung	O
eines	O
neuen	O
pandemischen	b-med
Influenzavirus	i-med
vorzubeugen	O
.	O
Ein	O
neuer	O
Virus	b-med
Stamm	i-med
wird	O
schließlich	O
überall	O
hingelangen	O
und	O
wird	O
praktisch	O
jedes	O
menschliche	O
Wesen	O
innerhalb	O
weniger	O
Jahre	O
infizieren	b-med
.	O
Saisonal	O
können	O
über	O
viele	O
Jahredie	O
durch	O
Pneumonie	b-med
und	O
Influenza	b-med
bedingten	O
Todesraten	O
erhöht	O
bleiben	O
.	O
Dieszeigte	O
sich	O
in	O
den	O
Vereinigten	O
Staaten	O
bei	O
Personen	O
zwischen	O
45	b-med
und	O
64	O
Jahren	O
indem	O
Jahrzehnt	O
nach	O
1968	O
,	O
als	O
die	O
Saison	O
jeweils	O
vom	O
Influenza	b-med
A	O
Virus	b-med
H3N2	i-med
beherrscht	O
war	O
.	O
Typisch	O
für	O
eine	O
Influenza	b-med
Pandemie	b-med
ist	O
die	O
Verlagerung	O
der	O
Mortalität	b-med
hin	O
zu	O
jüngeren	O
Altersgruppen	O
.	O
Jahrhunderts	O
verbreitete	O
sich	O
mehr	O
oder	O
weniger	O
gleichzeitig	O
in	O
drei	O
verschiedenen	O
Wellen	O
innerhalb	O
von	O
zwölf	O
Monaten	O
in	O
denJahren	O
1918-1919	O
über	O
Europa	O
,	O
Asien	b-med
und	O
Nordamerika	O
(Barry	O
2004	O
,	O
Taubenberger2006)	O
.	O
Dadurch	O
wurden	O
mehrMenschen	O
getötet	O
als	O
im	O
ersten	O
Weltkrieg	b-med
,	O
und	O
es	O
wird	O
allgemein	O
angenommen	O
,dass	O
mindestens	O
5.	O
Millionen	O
Menschen	O
während	O
dieser	O
Pandemie	b-med
starben	O
(Johnson	O
2002)	O
.	O
Das	O
Virus	b-med
von	O
1918	O
war	O
extrem	O
ansteckend	O
und	O
verursachte	O
durch	O
sekundäre	O
bakterielle	O
Pneumonien	O
viele	O
Todesfälle	O
.	O
Die	O
primäre	O
Viruspneumonie	b-med
konnte	O
zuvor	O
gesunde	O
junge	O
Menschen	O
innerhalb	O
von	O
2	O
Tagen	O
töten	O
.	O
Der	O
klinische	O
Verlauf	O
derschweren	O
Erkrankungen	b-med
war	O
so	O
ungewöhnlich	O
,	O
dass	O
Beobachter	O
zweifelten	O
,	O
ob	O
essich	O
um	O
Influenza	b-med
handelte	O
(WHO	O
2005b)	O
.	O
1918	O
waren	O
die	O
Symptome	b-med
so	O
ungewöhnlich	O
,	O
dass	O
die	O
Erkrankung	b-med
anfangs	O
als	O
Dengue-Fieber	O
,	O
Cholera	b-med
oder	O
Typhusfehldiagnostiziert	O
wurde	O
(Barry	O
2004)	O
.	O
Bei	O
weniger	O
schweren	O
Verläufen	O
machtendie	O
meisten	O
Patienten	b-med
eine	O
typische	O
Influenza	b-med
durch	O
mit	O
3	O
bis	O
5	O
Tage	O
anhaltendemFieber	O
durch	O
,	O
gefolgt	O
von	O
einer	O
vollständigen	O
Genesung	b-med
(Kilbourne	O
2006)	O
.	O
Die	O
Entdeckung	O
der	O
genomische	O
RNA	b-med
aus	O
dem	O
Virus	b-med
von	O
1918	O
,	O
gewonnen	O
aus	O
archiviertem	O
formalinfixiertem	O
Lungenautopsiematerial	O
und	O
aus	O
gefrorenem	O
,	O
nichtfixiertem	O
Lungengewebe	O
von	O
einem	O
Influenzaopfer	O
,	O
das	O
während	O
des	O
Dauerfrostes	O
Influenza	b-med
2006im	O
November	O
1918	O
begraben	O
worden	O
war	O
(Taubenberger	O
1997)	O
,	O
ermöglichte	O
diekomplette	O
Dekodierung	O
der	O
Sequenzen	b-med
aller	O
acht	O
viralen	O
RNA	O
Segmente	O
des	O
H1N1Virus	O
von	O
1918	O
(Taubenberger	O
2005)	O
.	O
Laut	O
dieser	O
Untersuchung	b-med
war	O
das	O
Virus	b-med
von1918	O
nicht	O
ein	O
reassortetes	O
Virus	O
(wie	O
die	O
der	O
Pandemien	b-med
von	O
1957	O
und	O
1968)	O
,	O
sondern	O
eher	O
ein	O
Virus	O
,	O
das	O
dem	O
Vogelgrippevirus	O
ähnlich	O
war	O
und	O
sich	O
an	O
den	O
Menschen	O
angepasst	O
hat	O
.	O
Abb	O
.	O
php?id=191957Die	O
Pandemie	b-med
von	O
1957	O
wurde	O
durch	O
H2N2	O
,	O
einem	O
klinisch	O
milderen	O
Virus	b-med
als	O
das	O
,welches	O
für	O
die	O
Pandemie	b-med
1918	O
verantwortlich	O
war	O
,	O
verursacht	O
.	O
Der	O
Ausbruch	O
warhäufig	O
explosiv	O
,	O
aber	O
die	O
Todesrate	b-med
war	O
viel	O
geringer	O
.	O
Die	O
Sterblichkeit	b-med
zeigte	O
charakteristischere	O
Muster	O
,	O
ähnlich	O
wie	O
bei	O
saisonalen	O
Epidemien	O
,	O
wobei	O
meistensKleinkinder	O
und	O
Ältere	O
betroffen	O
waren	O
(WHO	O
2005b)	O
.	O
Patienten	b-med
mit	O
chronischenErkrankungen	O
und	O
schwangere	b-med
Frauen	O
waren	O
besonders	O
gefährdet	O
,	O
pulmonaleKomplikationen	O
zu	O
entwickeln	O
(Louria	O
1957)	O
.	O
Global	O
wurde	O
die	O
Sterblichkeit	b-med
aufgrund	O
der	O
Pandemie	b-med
von	O
1957	O
auf	O
1	O
bis	O
2	O
Millionen	O
Todesfälle	O
geschätzt	O
.	O
Die	O
Todesfälle	O
wurde	O
auf	O
etwa1	O
Millionen	O
Menschen	O
geschätzt	O
.	O
In	O
den	O
Vereinigten	O
Staaten	O
traten	O
etwa	O
5.	O
Prozentaller	O
influenzabedingten	O
Todesfälle	O
in	O
der	O
jüngeren	O
Bevölkerung	b-med
(unter	O
65	O
Jahren)auf	O
.	O
Serologisch-archäologische	O
Studien	b-med
haben	O
gezeigt	O
,	O
dass	O
die	O
meisten	O
der	O
über77-jährigen	O
,	O
bevor	O
sie	O
dem	O
neuen	O
Pandemievirus	b-med
ausgesetzt	O
wurden	O
,	O
H3	O
Antikörperbesaßen	O
(Dowdle	O
1999)	O
und	O
dass	O
bereits	O
zuvor	O
vorhandene	O
anti-H3	O
Antikörper	b-med
dieälteren	O
Menschen	O
(>	O
77	O
Jahre)	O
während	O
der	O
H3N2	O
Pandemie	b-med
von	O
1968	O
geschützthaben	O
könnten	O
.	O
Seit	O
1968	O
hat	O
es	O
im	O
Jahre	O
1976	O
nur	O
eine	O
weitere	O
Episode	b-med
gegeben	O
,	O
während	O
derfälschlicherweise	O
der	O
Begeinn	O
einer	O
neuen	O
Pandemie	b-med
erwartet	O
wurde	O
(Dowdle	O
1997	O
,Gaydos	O
2006	O
,	O
Kilbourne	O
2006)	O
.	O
Aktuelle	O
SituationGrößere	O
Pandemien	b-med
traten	O
im	O
Verlauf	O
der	O
Geschichte	b-med
im	O
Durchschnitt	O
alle	O
3.	O
Jahreauf	O
und	O
es	O
herrscht	O
allgemein	O
die	O
Einschätzung	O
,	O
dass	O
es	O
eine	O
weitere	O
InfluenzaPandemie	b-med
geben	O
wird	O
.	O
Ein	O
möglicher	O
Kandidat	O
ist	O
der	O
aviäreH5N1	b-med
Stamm	b-med
,	O
der	O
bei	O
wilden	O
Wasservögeln	O
und	O
in	O
vielen	O
Teilen	O
Südostasiens	O
auchbei	O
Hausgeflügel	O
endemisch	O
geworden	O
ist	O
und	O
der	O
sich	O
in	O
letzter	O
Zeit	O
über	O
Asiennach	O
Europa	O
und	O
Afrika	b-med
ausbreitet	O
.	O
Neuere	O
Forschungen	O
haben	O
ergeben	O
,	O
dass	O
derAustausch	O
von	O
nur	O
zehn	O
Aminosäuren	b-med
des	O
Polymeraseproteins	O
den	O
Unterschiedzwischen	O
der	O
Virussequenz	O
des	O
Influenzavirus	b-med
von	O
1918	O
und	O
aviären	O
Viren	b-med
ausmacht	O
,	O
und	O
dass	O
eine	O
Reihe	O
derselben	O
Veränderungen	O
in	O
den	O
neuerdings	O
zirkulierunden	O
hoch	O
pathogenen	b-med
H5N1	b-med
Viren	b-med
gefunden	O
wurden	O
(Taubenberger	O
2005)	O
.	O
Gegenwärtig	O
bleibt	O
die	O
aviäre	O
H5N1	b-med
Influenza	b-med
größtenteils	O
eine	O
Erkrankung	b-med
von	O
Vögeln	O
.	O
Die	O
Barriere	O
zwischen	O
den	O
Spezies	O
ist	O
bedeutsam:	O
Trotz	O
der	O
Infektion	b-med
vieler	O
Millionen	O
Geflügeltiere	O
über	O
weite	O
geographische	O
Gebiete	O
seit	O
mehr	O
als	O
zwei	O
Jahren	O
,	O
wurden	O
weniger	O
als	O
20.	O
menschliche	O
Erkrankungsfälle	b-med
laborchemisch	O
bestätigt	O
(WHO	O
200601)	O
.	O
Erkrankungen	b-med
bei	O
Menschen	O
,	O
erstmals	O
1997	O
dokumentiert	O
,	O
traten	O
gleichzeitig	O
mit	O
Ausbrüchen	O
der	O
hoch	O
pathogenen	b-med
aviären	O
Influenza	b-med
H5N1	b-med
bei	O
Geflügel	O
auf	O
.	O
In	O
sehr	O
begrenztem	O
Umfang	O
wurde	O
eine	O
Menschzu-Mensch	O
Übertragung	b-med
des	O
H5N1	b-med
Stammes	b-med
bei	O
Pflegepersonal	b-med
und	O
Familienmitgliedern	O
mit	O
Kontakt	O
zum	O
Erkrankten	b-med
dokumentiert	O
.	O
Obwohl	O
bei	O
diesen	O
Personen	O
H5-Antikörper	b-med
,	O
die	O
eine	O
Infektion	b-med
mit	O
dem	O
Virus	b-med
belegten	O
,	O
nachgewiesen	O
wurden	O
,	O
traten	O
keine	O
schwerwiegenden	O
Erkrankungenauf	b-med
.	O
Es	O
gibt	O
nur	O
wenige	O
Daten	O
die	O
zeigen	O
,	O
inwieweit	O
nach	O
Infektion	b-med
mit	O
hoch	O
pathogenenaviären	O
H5N1	b-med
Stämmen	O
eine	O
asymptomatische	b-med
Infektion	b-med
oder	O
eine	O
milde	O
klinische	b-med
Erkrankung	b-med
auftreten	O
.	O
Falls	O
asymptomatische	b-med
Infektionen	b-med
häufig	O
wären	O
,	O
wäre	O
die	O
Todesrate	O
bei	O
schwerer	O
menschlicher	O
H5N1	b-med
Erkrankung	b-med
von	O
55%	O
,	O
wie	O
am	O
21	O
März2006	O
berichtet	O
(WHO	O
20060321)	O
,	O
natürlich	O
weniger	O
alarmierend	O
.	O
Diese	O
Konstellation	O
könnte	O
jedoch	O
die	O
Ausnahme	O
sein	O
,	O
zumindest	O
in	O
gewissen	O
Umgebungen	O
.	O
In	O
Influenza	b-med
2006einer	O
Studie	b-med
aus	O
einem	O
Dorf	O
in	O
Kambodscha	O
,	O
in	O
dem	O
es	O
zum	O
Ausbruch	O
der	O
H5N1	b-med
Influenza	b-med
bei	O
Geflügel	O
und	O
vier	O
tödlichen	O
Erkrankungsfällen	b-med
bei	O
Menschen	O
gekommen	O
war	O
,	O
fand	O
man	O
bei	O
der	O
Untersuchung	b-med
der	O
Blutproben	b-med
von	O
351	O
Dorfbewohnern	O
keine	O
weiteren	O
Infektionen	b-med
,	O
obwohl	O
viele	O
Dorfbewohner	O
dem	O
infizierten	b-med
Geflügel	O
eng	O
ausgesetzt	O
gewesen	O
waren	O
.	O
Bislang	O
waren	O
von	O
der	O
Erkrankung	b-med
vorwiegend	O
Kinder	b-med
undjunge	O
Erwachsene	b-med
betroffen	O
.	O
Demographische	O
Daten	b-med
,	O
die	O
den	O
Zeitraum	O
von	O
Dezember	O
2003	O
bis	O
zum	O
9	O
.	O
Februar	O
2006	O
erfassen	O
und	O
auf	O
der	O
WHO	b-med
Website	O
veröffentlicht	O
sind	O
,	O
zeigen	O
,	O
dass	O
von	O
116	O
Patienten	b-med
50%	O
16	b-med
Jahre	O
oder	O
jünger	O
waren	O
,	O
75%	O
waren	O
jünger	O
als	O
3.	O
Jahre	O
und	O
90%	O
waren	O
jünger	O
als	O
Jahre	O
.	O
Ebenso	O
ist	O
nicht	O
bekannt	O
,	O
ob	O
und	O
in	O
welchem	O
Maße	O
die	O
genetische	O
Zusammensetzung	O
bei	O
der	O
Empfänglichkeit	O
und	O
Resistenz	b-med
gegenüber	O
einer	O
Infektion	b-med
mit	O
dem	O
H5N1	b-med
Influenzavirus	b-med
eine	O
Rolle	O
spielt	O
.	O
Es	O
wird	O
erwartet	O
,	O
dass	O
es	O
durch	O
die	O
nächste	O
Pandemie	b-med
bei	O
2	O
Milliarden	O
Menschen	O
zueiner	O
klinischen	O
Manifestation	O
der	O
Erkrankung	b-med
kommen	O
wird	O
.	O
Im	O
günstigsten	O
Fall	O
,angelehnt	O
an	O
die	O
mild	O
verlaufende	O
Pandemie	b-med
von	O
1968	O
,	O
geht	O
man	O
von	O
2	O
bis	O
7	O
,4	O
Millionen	O
Erkrankungsfällen	O
aus	O
(WHO	O
2005b)	O
.	O
Wenn	O
wir	O
jedoch	O
die	O
Todesrate	b-med
des1918	O
Influenzavirus	b-med
auf	O
die	O
heutige	O
Population	b-med
übertragen	O
,	O
könnten	O
es	O
weltweitauch	O
180-36.	O
Millionen	O
Tote	O
sein	O
.	O
Einfluß	O
auf	O
das	O
IndividuumDas	O
Schicksal	O
einer	O
Einzelperson	O
während	O
eines	O
Ausbruchs	O
der	O
Influenza	b-med
,	O
sei	O
esepidemisch	O
oder	O
pandemisch	O
,	O
ist	O
sehr	O
unterschiedlich	O
.	O
Es	O
wird	O
geschätzt	O
,	O
dass	O
überdie	O
Hälfte	O
derer	O
,	O
die	O
infiziert	O
sind	O
,	O
keine	O
klinischen	O
Symptome	b-med
aufweisen	O
werden	O
.	O
Häufig	O
kommt	O
es	O
dabei	O
zu	O
Beschwerden	b-med
im	O
Bereichvon	O
Lunge	b-med
,	O
Herz	b-med
,	O
Gehirn	b-med
,	O
Leber	b-med
,	O
Nieren	b-med
und	O
Muskeln	b-med
.	O
Der	O
klinische	O
Verlauf	O
wird	O
durch	O
das	O
Alter	O
des	O
Patienten	b-med
,	O
der	O
vorbestehenden	O
Immunitätslage	O
,	O
Eigenschaften	O
des	O
Virus	b-med
,	O
Nikotinabusus	O
,	O
Begleiterkrankungen	O
,	O
Immunosuppression	O
und	O
Schwangerschaft	b-med
beeinflusst	O
.	O
Der	O
Tod	b-med
trittmeistens	O
als	O
Folge	O
einer	O
primären	O
viralen	O
Pneumonie	b-med
oder	O
einer	O
sekundären	O
respiratorischen	O
bakteriellen	O
Infektion	b-med
ein	O
,	O
insbesondere	O
bei	O
Patienten	b-med
mit	O
zugrundeliegenden	O
pulmonalen	O
oder	O
kardiopulmonalen	O
Erkrankungen	O
.	O
Üblicherweise	O
tragensehr	O
junge	O
Menschen	O
und	O
die	O
Älteren	O
das	O
höchste	O
Risiko	O
,	O
schwerwiegende	O
Komplikationen	b-med
zu	O
entwickeln	O
.	O
Zu	O
Zeiten	O
einer	O
Pandemie	b-med
gibt	O
es	O
eine	O
Verlagerung	O
derSterblichkeit	O
in	O
Richtung	O
jüngerer	O
Altersgruppen	O
(Simonson	O
1998)	O
.	O
Beim	O
Menschen	O
scheint	O
die	O
Replikation	O
von	O
Influenzasubtypen	O
auf	O
respiratorischeEpithelzellen	O
beschränkt	O
zu	O
sein	O
.	O
Sobald	O
das	O
Virus	b-med
in	O
eine	O
Zelle	b-med
eingedrungen	O
ist	O
,verursacht	O
es	O
hauptsächlich	O
in	O
den	O
säulenförmigen	O
Epithelzellen	b-med
durch	O
Stillegungder	O
Proteinsynthese	b-med
im	O
Wirtsorganismus	O
komplexe	O
zytopathische	O
Effekte	O
.	O
DerVerlust	O
von	O
Zellproteinen	O
beim	O
Wirt	b-med
führt	O
zum	O
Zelltod	b-med
durch	O
Nekrose	b-med
(Yuen	O
2005)	O
.	O
Es	O
gibt	O
zahlreiche	O
individuelle	O
Faktoren	b-med
,	O
die	O
entweder	O
gegen	O
das	O
Risiko	O
eines	O
tödlichen	O
Verlaufes	O
einer	O
durch	O
einen	O
Influenzastamm	b-med
entstandenen	O
Erkrankung	b-med
schüt-	O
Das	O
Virus	b-med
17zen	O
,	O
oder	O
das	O
Risiko	O
dafür	O
erhöhen	O
.	O
Auch	O
genetischeFaktoren	O
,	O
die	O
die	O
Empfänglichkeit	O
des	O
Wirtes	O
betreffen	O
,	O
spielen	O
wahrscheinlich	O
eineRolle	O
.	O
Eine	O
spezifische	O
Immunität	b-med
gegenüber	O
bestimmte	O
virale	O
Epitope	b-med
oder	O
eingewisses	O
Maß	O
an	O
Kreuzimmunität	O
könnte	O
erklären	O
,	O
warum	O
über	O
65-jährige	O
von	O
derPandemie	b-med
1918	O
weniger	O
betroffen	O
waren	O
.	O
Es	O
ist	O
nicht	O
bekannt	O
,	O
ob	O
ähnliche	O
Mechanismen	O
bei	O
der	O
merkwürdigen	O
Altersverteilung	O
der	O
Erkrankungsfälle	O
während	O
desgegenwärtigen	O
Ausbruchs	O
der	O
aviären	O
H5N1	b-med
Influenza	b-med
eine	O
Rolle	O
spielen	O
(ProMED20060211	O
.	O
0463)	O
.	O
Die	O
ungewöhnliche	O
Schwere	O
der	O
H5N1	b-med
Infektion	b-med
bei	O
Menschen	O
wurde	O
anfangs	O
aufvielfältige	O
basische	b-med
Aminosäuren	O
zurückgeführt	O
,	O
die	O
an	O
die	O
HämagglutininSpaltungsstelle	O
angrenzen	O
.	O
Dieses	O
Phänomen	O
ist	O
charakteristisch	O
für	O
hoch	O
pathogene	O
aviäre	O
Influenza	b-med
A	O
Viren	b-med
(Subbarao	O
1998)	O
.	O
Das	O
Vorhandensein	O
dieser	O
basischenAminosäuren	O
macht	b-med
das	O
Protein	b-med
empfänglich	O
für	O
Proteasen	b-med
von	O
vielen	O
unterschiedlichen	O
Gewebetypen	O
,	O
und	O
ermöglicht	O
aufgrund	O
eines	O
ausgeweiteten	O
Gewebetropismus	O
eine	O
extrapulmonale	O
Verteilung	O
(Yuen	O
2005)	O
.	O
Eine	O
andere	O
Erklärung	O
könntesein	O
,	O
dass	O
Interferonen	O
eine	O
entscheidende	O
Bedeutung	O
in	O
der	O
Prävention	b-med
der	O
Virusverbreitung	O
außerhalb	O
des	O
Respirationstraktes	b-med
zukommt	O
,	O
und	O
dass	O
H5N1	b-med
in	O
diesenangeborenen	O
Abwehrmechanismus	O
gegen	O
virale	O
Infektionen	b-med
eingreift	O
.	O
Es	O
wurdenachgewiesen	O
,	O
dass	O
die	O
nicht-strukturellen	O
(NS)	O
Gene	b-med
von	O
hoch	O
pathogenen	b-med
H5N1	i-med
Viren	i-med
Resistenzen	O
gegen	O
die	O
antviralen	O
Effekte	O
von	O
Interferonen	b-med
und	O
TNFα	O
verleihen	O
.	O
H5N1	b-med
Gene	b-med
scheinen	O
eine	O
höhere	O
Gentranskription	O
von	O
proinflammatorischen	O
Zytokinen	b-med
zu	O
induzieren	O
als	O
H3N2	b-med
oder	O
H1N1	b-med
Viren	i-med
,	O
und	O
induzieren	O
in	O
erheblichem	O
Maße	O
pro-inflammatorische	b-med
Zytokine	b-med
in	O
Makrophagen	b-med
,	O
insbesondere	O
.	O
Diese	O
Mechanismen	O
können	O
letztlich	O
zu	O
einem	O
Zytokinsturm	b-med
und	O
zum	O
Tod	b-med
führen	O
.	O
Während	O
einer	O
Influenzaepidemie	b-med
,die	O
zwischen	O
zwei	O
Pandemien	b-med
stattfindet	O
,	O
läuft	O
die	O
Genesung	b-med
normalerweise	O
unspektakulär	O
ab	O
.	O
Bei	O
schweren	O
Fällen	O
der	O
menschlichen	O
H5N1	b-med
Influenza	b-med
war	O
die	O
Todesrate	b-med
bisher	O
allerdings	O
bemerkenswert	O
.	O
Virus	b-med
Infektionserkrankungen	i-med
sind	O
das	O
Ergebnis	b-med
eines	O
Interessenkonfliktes	O
zwischen	O
Makroorganismen	b-med
und	O
Mikroorganismen	b-med
.	O
Vorraussetzungen	O
für	O
den	O
Erfolg	O
Um	O
ein	O
pandemischer	O
Stamm	b-med
zu	O
werden	O
,	O
muss	O
ein	O
Influenzavirus	b-med
eine	O
Reihe	O
von	O
Anforderungen	O
erfüllen:	O
Es	O
muss	O
in	O
den	O
menschlichen	O
Körper	b-med
Eindringen	O
und	O
sich	O
dort	O
vervielfältigen	O
,	O
für	O
den	O
Menschen	O
krankmachend	b-med
sein	O
,	O
und•unter	O
Menschen	O
leicht	O
übertragbar	O
sein	O
.	O
Vorbedingung	O
für	O
Erfolg	O
ist	O
eine	O
gute	O
Adaptation	b-med
ist:	O
Eine	O
Adaptation	O
an	O
menschliche	O
Zellen;	O
die	O
Fähigkeit	b-med
,	O
die	O
Produktionsmaschinerie	O
der	O
Wirtszelle	O
zu	O
übernehmen	O
,	O
um	O
neue	O
Abkömmlinge	O
zu	O
produzieren	O
;	O
ebenso	O
wie	O
die	O
Fähigkeit	O
,	O
das	O
Individuum	O
zum	O
Husten	b-med
und	O
Niesen	b-med
zu	O
veranlassen	O
,	O
um	O
die	O
Virusabkömmlinge	b-med
zu	O
verbreiten	O
.	O
Der	O
Schlüssel	O
zum	O
Erfolg	O
ist	O
die	O
Virulenz	b-med
–	O
und	O
die	O
Neuheit:	O
Falls	O
es	O
sich	O
bei	O
dem	O
Virus	b-med
um	O
einen	O
echten	O
„newcomer“	O
handelt	O
,	O
werden	O
die	O
meisten	O
lebenden	O
Menschen	O
nur	O
wenig	O
oder	O
garkeinen	O
Schutz	O
dagegen	O
besitzen	O
.	O
Das	O
neue	O
Virus	b-med
wird	O
unbegrenzten	O
Zugang	b-med
zupraktisch	O
jeden	O
Menschen	O
haben	O
,	O
und	O
es	O
wird	O
bei	O
mehr	O
als	O
6	O
,5	O
Mrd	O
.	O
Menschen	O
eine	O
Nahrungsgrundlage	O
finden	O
.	O
Dies	O
ist	O
eine	O
der	O
weltgrößten	O
Biomassen	b-med
.	O
Die	O
Machtübergabe	O
von	O
einem	O
vorherrschenden	O
Influenzasubtyp	b-med
auf	O
einen	O
neuennennt	O
man	O
„Antigenshift“	O
,	O
weil	O
die	O
antigenen	O
Eigenschaften	O
des	O
neuen	O
Virus	b-med
sichdrastisch	O
verändern	O
müssen	O
,	O
um	O
das	O
Immunsystem	b-med
der	O
gesamten	O
Menschheit	O
zuunterlaufen	O
.	O
Diese	O
Veränderung	O
kann	O
geschehen	O
durch:	O
1)	O
Reassortment	O
der	O
segmentierten	O
Genome	b-med
zweier	O
ElternViren	b-med
,	O
oder	O
2)	O
stufenweise	O
Mutation	b-med
eines	O
Tiervirus	O
.	O
Damit	O
ein	O
Reassortment	O
stattfinden	O
kann	O
,	O
müssen	O
sowohl	O
der	O
neue	O
Kandidat	O
für	O
einpandemisches	O
Virus	b-med
,	O
der	O
normalerweise	O
von	O
Vögeln	O
stammt	O
,	O
als	O
auch	O
ein	O
bereitszirkulierendes	O
menschliches	O
Virus	O
.	O
Innerhalb	O
der	O
Zelle	b-med
werden	O
Gene	b-med
von	O
beiden	O
Viren	b-med
wieder	O
zueinem	O
völlig	O
neuen	O
Virus	b-med
zusammengesetzt	O
(sie	O
haben	O
zwar	O
keinen	O
Geschlechtsverkehr	b-med
,	O
aber	O
für	O
didaktische	O
Zwecke	O
kann	O
dieser	O
Vergleich	O
ganz	O
nützlich	O
sein)	O
.	O
Aus	O
Versuchen	O
mit	O
rekombinanten	O
Viren	b-med
,	O
dieGene	O
vom	O
1918er	O
Pandemievirus	b-med
enthielten	O
,	O
gibt	O
es	O
neuere	O
Hinweise	O
darauf	O
,	O
dassViren	b-med
,	O
die	O
ein	O
oder	O
mehrere	O
Gene	b-med
des	O
1918er	O
Virus	b-med
exprimierten	O
,	O
weniger	O
virulentwaren	O
,	O
als	O
die	O
Konstellation	O
aller	O
acht	O
Gene	O
zusammen	O
(Tumpey	O
2005)	O
.	O
Das	O
1918erVirus	O
war	O
tatsächlich	O
ein	O
spezielles	O
Virus:	O
Es	O
scheint	O
,	O
als	O
ob	O
es	O
nicht	O
das	O
Ergebniseines	O
Reassortments	O
von	O
zwei	O
existierenden	O
Viren	b-med
war	O
,	O
sondern	O
lediglich	O
ein	O
vogelähnliches	O
Virus	b-med
,	O
das	O
sich	O
allmählich	O
durch	O
stufenweise	O
Mutationen	b-med
an	O
Menschenadaptierte	O
(Taubenberger	O
2005)	O
.	O
Offensichtlich	O
ist	O
es	O
nahe	O
liegend	O
zu	O
spekulieren	O
,dass	O
die	O
Entstehung	O
eines	O
völlig	O
neuen	O
,	O
an	O
Menschen	O
adaptierten	O
aviären	O
Influenzavirus	b-med
aus	O
dem	O
Jahre	O
1918	O
(n=1)	O
tödlicher	O
sein	O
könnte	O
,	O
als	O
die	O
Einführung	O
von	O
reassorteten	O
Viren	b-med
1957	O
und	O
1968	O
(n=2)	O
.	O
Interessanterweise	O
.	O
und	O
auch	O
beunruhigenderweise	O
findet	O
man	O
denAustausch	O
einiger	O
Aminosäuren	b-med
im	O
1918er	O
Virus	b-med
,	O
durch	O
den	O
sich	O
das	O
Virus	O
vonherkömmlichen	O
aviären	O
Sequenzen	b-med
unterscheidet	O
,	O
auch	O
bei	O
dem	O
hoch	O
pathogenenaviären	O
Influenzavirus	b-med
H5N1	b-med
.	O
Dies	O
lässt	O
daran	O
denken	O
,	O
dass	O
diese	O
Veränderungenmöglicherweise	O
die	O
Virusreplikation	O
in	O
menschlichen	O
Zellen	b-med
erleichtert	O
und	O
diePathogenität	O
erhöht	O
(Taubenberger	O
2005)	O
.	O
Das	O
Virus	b-med
19VirologieInfluenza	b-med
A	O
und	O
B	O
Viren	b-med
sind	O
von	O
einer	O
Hülle	b-med
umgeben	O
.	O
Sie	O
besitzen	O
ein	O
segmentiertes	O
Genom	b-med
,	O
das	O
aus	O
acht	O
Einzelsträngen	O
negativer	O
RNA	b-med
mit	O
Segmenten	O
aus	O
jeweils	O
89.	O
bis	O
2341	O
Nukleotiden	O
aufgebaut	O
ist	O
(Gürtler	O
2006)	O
.	O
Ihre	O
Struktur	b-med
ist	O
kugel-	O
oder	O
fadenförmig	O
aufgebaut	O
und	O
ihr	O
Durchmesser	O
liegt	O
zwischen	O
8.	O
und	O
120nm	O
(Abb	O
.	O
4	O
und	O
5)	O
.	O
Im	O
Querschnitt	O
sehen	b-med
Influenzavirione	O
einer	O
symmetrischenPepperonipizza	O
ähnlich	O
mit	O
einer	O
runden	O
Scheibe	O
Pepperoni	O
in	O
der	O
Mitte	O
und	O
siebenandere	O
Scheiben	O
gleichmäßig	O
darum	O
verteilt	O
(Noda	O
2006)	O
.	O
Influenza	b-med
A	O
Viren	b-med
werden	O
anhand	O
der	O
Antigenstruktur	O
der	O
Oberflächenantigene	b-med
Haemagglutinin	O
(HA)	O
undNeuraminidase	O
(NA)	O
weiter	O
unterteilt	O
in	O
sechzehn	O
H	O
(H1-H16[Fouchier	O
2005])	O
undneun	O
N	O
(N1-N9)	O
Subtypen	O
.	O
HA	O
ist	O
das	O
wesentliche	O
Antigen	b-med
für	O
neutralisierendeAntikörper	O
und	O
es	O
ist	O
an	O
der	O
Bindung	b-med
des	O
Virus	b-med
an	O
die	O
Rezeptoren	b-med
der	O
Wirtszellebeteiligt	O
.	O
NA	O
kümmert	O
sich	O
um	O
die	O
Freilassung	O
von	O
neuen	O
Virionen	O
von	O
derZelloberfläche	O
.	O
Zurzeit	O
zirkulieren	O
in	O
der	O
Bevölkerung	b-med
nur	O
Viren	b-med
der	O
SubtypenH1N1	O
und	O
H3N2	O
.	O
aspNatürliches	O
Reservoir	O
.	O
ÜberlebenInfluenza	b-med
A	O
Viren	b-med
kommen	O
bei	O
einer	O
Vielzahl	O
von	O
Tierarten	O
vor	O
.	O
Dort	O
verläuft	O
die	O
Infektion	b-med
hauptsächlich	O
intestinal	O
,	O
wird	O
durch	O
Wasser	O
übertragen	O
und	O
ist	O
asmptomatisch	O
.	O
Der	O
Hauptwirt	O
für	O
Influenza	b-med
A	O
Viren	b-med
ist	O
die	O
Hausente	O
in	O
Südostasien	O
.	O
Sie	O
spieltauch	O
eine	O
zentrale	O
Rolle	O
bei	O
der	O
Entstehung	O
und	O
bei	O
der	O
Erhaltung	b-med
des	O
H5N1	b-med
Virus(Li	O
2004)	O
.	O
In	O
Thailand	O
gab	O
es	O
einen	O
deutlichen	O
Zusammenhang	O
zwischen	O
dem2.	O
Influenza	b-med
2006H5N1	b-med
Virus	b-med
und	O
der	O
Menge	O
an	O
frei	O
grasenden	O
Enten	O
und	O
etwas	O
geringer	O
auch	O
zwischen	O
dem	O
H5N1	b-med
Virus	O
und	O
der	O
Menge	O
an	O
einheimischen	O
Hühnern	O
und	O
Hähnen	O
,sowie	O
Sümpfen	O
und	O
Menschen	O
.	O
Sümpfe	b-med
,	O
die	O
für	O
die	O
Reisproduktion	O
genutzt	O
werdenund	O
zweimal	O
im	O
Jahr	O
abgeerntet	O
werden	O
,	O
wobei	O
frei	O
grasende	O
Enten	O
ganzjährig	O
aufden	O
Reisfeldern	O
fressen	O
,	O
scheinen	O
bei	O
der	O
Persistenz	O
und	O
der	O
Verbreitung	O
der	O
hochpathogenen	b-med
Vogelgrippe	O
(HPAI)	O
ein	O
kritischer	O
Faktor	b-med
zu	O
sein	O
(Gilbert	O
2006)	O
.	O
Das	O
Virus	b-med
kann	O
im	O
Wasser	O
bei	O
einer	O
Temperatur	b-med
von	O
22°C	O
bis	O
zu	O
vierTagen	O
überleben	O
,	O
bei	O
0°C	O
mehr	O
als	O
3.	O
Tage	O
.	O
In	O
gefrorenen	O
Substanzen	b-med
überlebt	O
eswahrscheinlich	O
unendlich	O
lange	O
.	O
Neuere	O
Studien	b-med
zeigen	O
,	O
dass	O
das	O
H5N1	b-med
Virus	b-med
,	O
das2004	O
isoliert	O
wurde	O
,	O
stabiler	O
geworden	O
ist	O
.	O
Bei	O
37°C	O
überlebt	O
es	O
sechs	O
Tage	O
lang	O
,während	O
Viren	b-med
,	O
die	O
während	O
des	O
Ausbruches	O
von	O
1997	O
isoliert	O
wurden	O
,	O
nur	O
zweiTage	O
überlebten	O
(WHO	O
20041029)	O
.	O
Abgetötet	O
wird	O
das	O
Virus	b-med
durch	O
Hitze	b-med
(3	O
Stunden	O
bei	O
56°C	O
oder	O
3.	O
Minuten	O
bei	O
60°C)	O
,	O
sowie	O
durch	O
herkömmliche	O
Desinfektionsmittel	b-med
,	O
wie	O
Formalin	O
und	O
jodhaltige	O
Mittel	O
.	O
Diese	O
negativ-gefärbte	O
Transmissionselektronenmikrographie	O
(TEM)	O
zeigt	O
die	O
ultrastrukturellen	O
Details	O
mehrerer	O
Virionen	O
.	O
Influenza	b-med
wird	O
hauptsächlich	O
durch	O
Tröpfchen	O
(>	O
5	O
µm	O
Durchmesser)	O
aus	O
der	O
Naseoder	O
dem	O
Rachen	b-med
einer	O
infizierten	O
Person	b-med
,	O
die	O
hustet	O
oder	O
niest	O
,	O
von	O
einer	O
PersonDas	O
Virus	b-med
21auf	O
die	O
nächste	O
übertragen	O
(Abb	O
.	O
6)	O
.	O
Für	O
eine	O
Übertragung	b-med
ist	O
ein	O
enger	O
Kontakt	O
(zwischen	O
90cm	O
und	O
1	O
,80m)	O
nötig	O
.	O
Eine	O
Übertragung	b-med
kann	O
auch	O
durch	O
direkten	O
Hautkontakt	O
oder	O
durch	O
indirektenKontakt	O
mit	O
Sekreten	O
aus	O
den	O
Atemwegen	O
(Berührung	O
kontaminierter	O
Oberflächenmit	O
anschließendem	O
Berühren	O
von	O
Augen	O
,	O
Nase	O
oder	O
Mund)	O
stattfinden	O
.	O
Jemand	O
,der	O
das	O
Influenzavirus	b-med
trägt	O
,	O
kann	O
es	O
bis	O
zu	O
zwei	O
Tagen	O
vor	O
,	O
und	O
ungefähr	O
fünf	O
Tagen	O
nach	O
Auftreten	O
von	O
Symptomen	b-med
verbreiten	O
.	O
Kinder	b-med
können	O
das	O
Virus	b-med
noch	O
10	O
Tage	O
länger	O
verbreiten	O
.	O
Da	O
Influenzaviren	b-med
normalerweise	O
sehr	O
artspezifisch	O
sind	O
,	O
kommt	O
es	O
nur	O
selten	O
vor	O
,	O
dass	O
sie	O
bei	O
anderen	O
Arten	O
Infektionen	b-med
verursachen	O
.	O
Diesliegt	O
an	O
den	O
Unterschieden	O
in	O
der	O
Benutzung	O
zellulärer	O
Rezeptoren	b-med
.	O
Vogelgrippeviren	b-med
binden	O
an	O
Glykoproteine	b-med
der	O
Zelloberfläche	O
,	O
die	O
Sialyl-Galaktosylreste	O
enthalten	O
,	O
welche	O
durch	O
eine	O
2-3	O
Verbindung	b-med
miteinander	O
verknüpft	O
sind	O
.	O
MenschlicheViren	b-med
dagegen	O
binden	O
an	O
Rezeptoren	b-med
,	O
die	O
endständige	O
2-6	O
verknüpfte	O
SialylGalaktosyltreste	O
enthalten	O
.	O
Damit	O
ein	O
Vogelvirus	O
unter	O
Menschen	O
leicht	O
übertragbarwird	O
,	O
ist	O
es	O
grundsätzlich	O
nötig	O
,	O
dass	O
es	O
die	O
Fähigkeit	b-med
erwirbt	O
,	O
an	O
Zellen	b-med
,	O
die	O
den	O
2-6	O
Rezeptor	b-med
präsentieren	O
,	O
zu	O
binden	O
,	O
um	O
dann	O
in	O
die	O
Zelle	b-med
einzudringen	O
und	O
sich	O
dortzu	O
replizieren	O
.	O
Während	O
ein	O
einzelner	O
Aminosäureersatz	O
die	O
Rezeptorspezifität	O
vonaviären	O
H5N1	b-med
Viren	b-med
signifikant	O
verändern	O
kann	O
(Gambaryan	O
2006)	O
,	O
ist	O
zurzeit	O
nichtbekannt	O
,	O
welche	O
spezifischen	O
Mutationen	b-med
nötig	O
sind	O
,	O
um	O
eine	O
Übertragung	b-med
vonMensch	O
zu	O
Mensch	b-med
leicht	O
und	O
dauerhaft	O
zu	O
ermöglichen	O
.	O
Es	O
gibt	O
aber	O
potentielle	O
Wege	O
,	O
wodurch	O
H5N1	b-med
mutieren	O
und	O
Spezifität	b-med
für	O
Menschen	O
erwerben	O
könnte	O
.	O
Seit	O
1956	O
kam	O
es	O
nur	O
selten	O
zu	O
einer	O
Infektion	b-med
des	O
Menschen	O
mit	O
Vogelgrippeviren	b-med
.	O
Nur	O
vier	O
der	O
vielen	O
hundert	O
Stämme	b-med
vom	O
aviären	O
Influenzatyp	O
A	O
sind	O
dafür	O
bekannt	O
,	O
Infektionen	b-med
beim	O
Menschen	O
ausgelöst	O
zu	O
haben:	O
H5N1	b-med
,	O
H7N3	b-med
,	O
H7N7	b-med
und	O
H9N2	b-med
(WHO	O
200601)	O
.	O
Abgesehen	O
von	O
der	O
Infektion	b-med
mit	O
H5N1	b-med
,	O
führte	O
die	O
Infektiondes	b-med
Menschen	O
im	O
allgemeinen	O
nur	O
zu	O
leichten	O
Symptomen	b-med
und	O
selten	O
zu	O
einerschweren	O
Erkrankung	b-med
.	O
Prinzipiell	O
Influenza	b-med
2006scheint	O
beim	O
H5N1	b-med
Virus	b-med
ein	O
enger	O
Kontakt	O
mit	O
toten	O
oder	O
erkrankten	b-med
Vögeln	O
,	O
oder	O
eine	O
Exposition	b-med
gegenüberHühnerkot	O
auf	O
Spielplätzen	O
die	O
Ursache	O
für	O
die	O
Infektion	b-med
des	O
Menschen	O
zu	O
sein	O
.	O
H5N1	O
Auf	O
dem	O
Vormarsch	O
Zur	O
Zeit	O
sind	O
H5N1	b-med
Infektionen	b-med
beim	O
Menschen	O
relativ	O
selten	O
,	O
obwohl	O
es	O
eineweitverbreitete	O
Exposition	b-med
gegenüber	O
dem	O
Virus	b-med
durch	O
infiziertes	b-med
Geflügel	O
gegebenhaben	O
muss	O
.	O
Dies	O
ist	O
ein	O
Hinweis	O
darauf	O
,	O
dass	O
die	O
Barriere	O
zwischen	O
den	O
Spezienzum	O
Erwerb	b-med
dieses	O
aviären	O
Virus	b-med
für	O
den	O
H5N1	b-med
Subtyp	b-med
immer	O
noch	O
ziemlich	O
hochist	O
,	O
obwohl	O
er	O
schon	O
seit	O
fast	O
Jahren	O
im	O
Umlauf	b-med
ist	O
.	O
Dennoch	O
scheinen	O
die	O
H5N1	b-med
Stämme	i-med
in	O
den	O
letzten	O
1.	O
Jahren	O
ihre	O
Pathogenität	b-med
verstärkt	O
und	O
ihren	O
Aktionsradius	O
ausgeweitet	O
zu	O
haben	O
:	O
Der	O
Influenzastamm	b-med
H5N1	b-med
breitet	O
sich	O
weiter	O
aus	O
,	O
und	O
einige	O
Klonebesitzen	O
breitere	O
Bindungsstellen	O
,	O
was	O
Ausdruck	O
einer	O
gewissen	O
Adaptation	b-med
anden	O
menschlichen	O
Wirt	b-med
sein	O
könnte	O
.	O
H5N1	b-med
hat	O
sein	O
Sortiment	O
an	O
Wirten	O
nicht	O
nur	O
um	O
Vogelarten	O
erweitert	O
,	O
sondern	O
auch	O
um	O
Säugetiere	O
,	O
die	O
den	O
Menschen	O
auf	O
natürliche	O
Weise	O
infizieren	b-med
,	O
um	O
Tiger	O
,	O
Leoparden	O
,	O
Hauskatzen	O
und	O
Steinmarder	O
.	O
Das	O
H5N1	b-med
Virus	i-med
zeigt	O
bei	O
Mäusen	O
und	O
Frettchen	O
immer	O
pathogenere	O
Merkmale	b-med
.	O
Kürzlich	O
wurde	O
gezeigt	O
,	O
dass	O
Enten	O
bis	O
zu	O
17	O
Tage	O
lang	O
in	O
der	O
Lage	b-med
sind	O
,	O
hochpathogene	O
H5N1	b-med
Stämme	i-med
auszuscheiden	O
.	O
Ende	O
April	O
2005	O
starben	O
in	O
Zentralchina	O
mehr	O
als	O
600.	O
Zugvögel	O
im	O
QinghaiLake	O
Naturpark	O
.	O
Zuvor	O
war	O
es	O
für	O
Wildvögel	O
äußerst	O
ungewöhnlich	O
,	O
an	O
demhoch	O
pathogenen	b-med
Vogelgrippevirus	O
zu	O
versterben	O
.	O
Viren	b-med
von	O
sehr	O
unterschiedlicher	O
Herkunft	O
zeigten	O
alle	O
eine	O
besondere	O
Mutation	b-med
,	O
die	O
mit	O
größerer	O
Letalität	O
bei	O
Vögeln	O
und	O
Mäusen	O
verbunden	O
ist	O
.	O
So	O
eine	O
,	O
überviele	O
Monate	O
andauernde	O
genetische	O
Stabilität	O
,	O
ist	O
ungewöhnlich	O
,	O
und	O
lässtvermuten	O
,	O
dass	O
sich	O
das	O
Virus	b-med
.	O
in	O
seiner	O
hoch	O
pathogenen	b-med
Form	O
.	O
jetzt	O
an	O
wenigstens	O
einige	O
Wasserzugvogelarten	O
angepasst	O
hat	O
und	O
zusammen	O
mit	O
diesen	O
Vögeln	O
in	O
einem	O
evolutionärem	O
Gleichgewicht	b-med
steht	O
.	O
Dabei	O
verursacht	O
es	O
keinen	O
offensichtlichen	O
Schaden	b-med
und	O
reist	O
mit	O
diesen	O
Vögeln	O
einlang	O
ihrer	O
Vogelfluglinien	O
.	O
In	O
einer	O
unveröffentlichten	O
Studie	b-med
,	O
die	O
2005	O
in	O
Zentralthailand	O
durchgeführtwurde	O
,	O
besaßen	O
16.	O
von	O
629	O
Hunden	O
Antikörper	b-med
gegen	O
H5N1	b-med
.	O
Als	O
sie	O
jedoch	O
mit	O
H5N1	b-med
infiziertem	O
Hühnerfleisch	O
gefüttert	O
wurden	O
,	O
wurden	O
sie	O
schwer	O
krank	b-med
und	O
übertrugen	O
das	O
Virus	b-med
auf	O
andere	O
Katzen(Kuiken	O
2004)	O
.	O
Katzen	O
könnten	O
das	O
Virus	b-med
nicht	O
nur	O
über	O
den	O
Respirationstrakt	b-med
,sondern	O
auch	O
über	O
den	O
Verdauungstrakt	b-med
ausscheiden	O
(Rimmelzwaan	O
2006)	O
,was	O
daran	O
denken	O
lässt	O
,	O
dass	O
eine	O
Verbreitung	O
über	O
potentielle	O
neue	O
Wege	O
innerhalb	O
und	O
zwischen	O
Wirtssäugetieren	O
möglich	O
sein	O
könnte	O
.	O
•H5N1	b-med
Viren	b-med
,	O
die	O
2003	O
und	O
2004	O
bei	O
Menschen	O
isoliert	O
wurden	O
,	O
zeigten	O
in	O
Versuchen	O
mit	O
Frettchen	O
eine	O
wesentlich	O
höhere	O
Virulenz	O
als	O
andere	O
H5N1	b-med
Viren	b-med
,die	O
seit	O
1997	O
von	O
Menschen	O
isoliert	O
worden	O
waren	O
(Maines	O
2005)	O
.	O
Individueller	O
Umgang	O
mit	O
Influenza	b-med
H5N1Versuche	O
,	O
den	O
Erreger	b-med
nicht	O
zu	O
kriegen	O
,	O
aber	O
wenn	O
du	O
ihn	O
hast	O
,	O
versuche	b-med
ihn	O
zubehandeln	O
.	O
Theoretisch	O
übersetzt	O
man	O
diese	O
medizinische	O
Weisheit	O
beim	O
Umgangmit	O
Influenza	b-med
so:	O
1)	O
Drei	O
Verteidigungslinien	O
zur	O
Prophylaxe	O
(Expositionsprophylaxe	O
,	O
Impfung	b-med
,	O
prophylaktischer	O
Einsatz	O
antiviraler	O
Medikamente);	O
und	O
2)	O
Eine	O
Behandlungslinie	O
(antivirale	O
Medikamente)	O
.	O
Prophylaxe	O
einer	O
EpidemieExpositionsprophylaxeGrundlage	O
einer	O
Prophylaxe	O
sind	O
immer	O
noch	O
die	O
Basismaßnahmen	O
im	O
Bereich	b-med
derKörperhygiene	O
,	O
die	O
schon	O
vor	O
mehr	O
als	O
hundert	O
Jahren	O
angewandt	O
wurden	O
.	O
Ärztesollten	O
anregen	O
,	O
dass	O
Familienmitglieder	b-med
von	O
Patienten	b-med
sich	O
regelmäßig	O
die	O
Händewaschen	O
.	O
Im	O
Allgemeinen	O
sollten	O
die	O
Bevölkerung	b-med
davon	O
abgehalten	O
werden	O
,	O
sichselbst	O
im	O
Bereich	b-med
der	O
Augen	O
,	O
der	O
Nase	O
oder	O
des	O
Mundes	O
zu	O
berühren	O
.	O
Auf	O
jedenFall	O
sollten	O
die	O
Auswirkungen	b-med
des	O
Niesens	O
und	O
Hustens	O
möglichst	O
eingeschränktwerden	O
(WHO	O
2006a)	O
.	O
ImpfungDie	O
zweite	O
grundlegende	O
Maßnahme	O
zu	O
Vorbeugung	O
der	O
Influenza	b-med
ist	O
die	O
Grippeimpfung	O
.	O
In	O
der	O
nördlichen	O
Hemisphäre	b-med
wird	O
empfohlen	O
,	O
die	O
Impfung	b-med
im	O
Oktoberzu	O
beginnen	O
.	O
Jährlich	O
werden	O
auf	O
der	O
Grundlage	O
einer	O
genauen	O
Untersuchung	b-med
derzirkulierenden	O
VirusStämme	b-med
Empfehlungen	O
bezüglich	O
der	O
Zusammensetzung	O
desImpfstoffes	O
herausgegeben	O
.	O
Für	O
alle	O
Hochrisikogruppen	O
,	O
einschließlich	O
der	O
über	O
65jährigen	O
(CDC	O
2005)	O
und	O
Patienten	b-med
mit	O
chronischen	O
Erkrankungen	b-med
,	O
wird	O
eine	O
Impfung	b-med
gegen	O
den	O
vorherrschenden	O
Wildtyp	O
des	O
Influenzavirus	b-med
empfohlen	O
.	O
Unter	O
diese	O
chronischen	O
Erkrankungen	b-med
fallen	O
insbesondere	O
Diabetes	b-med
,	O
chronische	O
Atemwegsund	O
Herzerkrankungen	O
,	O
sowie	O
Personen	O
,	O
die	O
durch	O
Krankheit	b-med
oder	O
eine	O
begleitendeTherapie	O
immunokompromittiert	O
sind	O
.	O
Darüber	O
hinaus	O
wird	O
allgemein	O
für	O
alle	O
Mitarbeiter	O
aus	O
medizinischen	O
Berufen	O
eine	O
jährliche	O
Impfung	b-med
gegen	O
Influenza	b-med
empfohlen	O
(CDC	O
2006b)	O
.	O
Vor	O
kurzem	O
wurde	O
der	O
Wirksamkeitsnachweis	O
für	O
Influenzaimpfstoffe	O
bei	O
65-	O
jährigen	O
oder	O
älteren	O
Menschen	O
überprüft	O
.	O
Durch	O
gut	O
angepasste	O
Impfstoffe	b-med
wurdenKrankenhauseinweisungen	O
,	O
Lungenentzündungen	O
,	O
Atemwegserkrankungen	O
,	O
kardiale	O
Erkrankungen	b-med
und	O
Todesfälle	O
verhindert	O
.	O
Bei	O
Bewohnern	O
von	O
Altenheimenzeigte	O
sich	O
eine	O
bessere	O
Wirksamkeit	O
als	O
bei	O
älteren	O
Menschen	O
,	O
die	O
zuhause	O
wohnten	O
(Jefferson	O
2005)	O
.	O
Impfstoffe	b-med
mit	O
inaktivierten	O
Viren	b-med
reduzieren	O
das	O
Auftretender	O
Influenza	b-med
bei	O
Patienten	b-med
mit	O
einer	O
chronisch	O
obstruktiven	O
Lungenerkrankung(Poole	O
2006)	O
.	O
Antivirale	O
MedikamenteBei	O
bestimmten	O
Personen	O
,	O
die	O
etwa	O
keinen	O
,	O
oder	O
nur	O
einen	O
unzureichendenImpfschutz	O
besitzen	O
,	O
können	O
antivirale	O
Medikamente	b-med
eine	O
brauchbare	O
Alternative	O
darstellen	O
.	O
Es	O
muss	O
aber	O
betont	O
werden	O
,	O
dass	O
der	O
prophylaktischeGebrauch	O
von	O
verfügbaren	O
antiviralen	b-med
Medikamenten	i-med
unter	O
keinen	O
Umständen	O
als	O
Ersatz	O
für	O
eine	O
jährliche	O
Impfung	b-med
,	O
wie	O
sie	O
von	O
der	O
nationalen	O
Gesundheitsbehörde	O
empfohlen	O
wird	O
,	O
dienen	O
kann	O
.	O
Kandidaten	O
für	O
einen	O
kurzfristigen	O
prophylaktischen	O
Gebrauch	O
antiviraler	O
Medikamente	b-med
sind	O
HochrisikoPatienten	b-med
,	O
die	O
bereits	O
geimpft	O
sind	O
,	O
und	O
das	O
auch	O
nur	O
dann	O
,wenn	O
eine	O
Epidemie	b-med
bereits	O
begonnen	O
hat	O
,	O
sowie	O
Kontaktpersonen	O
eines	O
Menschenmit	O
Influenza	b-med
,	O
die	O
selber	O
nicht	O
geimpft	O
sind	O
und	O
der	O
Hochrisikogruppe	O
angehören	O
.	O
Die	O
Prophylaxe	b-med
mit	O
antiviralen	b-med
Medikamenten	i-med
könnte	O
auch	O
in	O
einigen	O
Fällen	O
indiziert	O
sein	O
,	O
in	O
denen	O
eine	O
gegenwärtige	O
Epidemie	b-med
durch	O
einen	O
VirusStamm	b-med
verursachtwird	O
,	O
der	O
nicht	O
in	O
dem	O
Impfstoff	b-med
enthalten	O
ist	O
.	O
Von	O
den	O
zwei	O
zur	O
Verfügung	O
stehenden	O
Medikamentengruppen	O
gerieten	O
die	O
Adamantine	O
(Amantadin	O
,	O
Rimantadin)	O
kürzlich	O
in	O
die	O
Diskussion	O
,	O
als	O
man	O
entdeckte	O
,dass	O
die	O
globale	O
Prävalenz	O
der	O
adamantinresistenten	O
Influenzaviren	b-med
signifikant	O
von.	O
,4%	O
in	O
den	O
Jahren	O
1994-1995	O
auf	O
12	O
,3%	O
in	O
den	O
Jahren	O
2003-2004	O
gestiegen	O
war(Bright	O
2005)	O
.	O
In	O
den	O
Vereinigten	O
Staaten	O
enthielten	O
109/12.	O
(91%)	O
der	O
Influenza	b-med
A	O
Viren	b-med
(H3N2)	O
in	O
der	O
Saison	O
2005-2006	O
bis	O
zum	O
12	O
.	O
Januar	O
2006	O
einenAminosäureaustausch	O
an	O
Position	O
31	O
des	O
M2	O
Proteins	O
,	O
wodurch	O
die	O
Resistenz	b-med
gegenüber	O
Amantadin	O
und	O
Rimantadin	O
entsteht	O
(CDC	O
2006	O
,	O
Bright	O
2006)	O
.	O
Aufgrunddieser	O
Resultate	O
gab	O
die	O
CDC	b-med
eine	O
vorläufige	O
Empfehlung	O
heraus	O
,	O
wonach	O
in	O
den	O
Individueller	O
Umgang	O
mit	O
Influenza	b-med
H5N1	b-med
25Vereinigten	O
Staaten	O
für	O
den	O
Rest	O
der	O
2005-2006	O
Influenzaperiode	O
weder	O
Amantadinnoch	O
Rimantadin	O
zur	O
Behandlung	b-med
oder	O
Prophylaxe	O
der	O
Influenza	b-med
A	O
eingesetzt	O
werden	O
sollte	O
.	O
Falls	O
in	O
dieser	O
Zeit	O
eine	O
antivirale	O
Medikation	b-med
zur	O
Behandlung	b-med
oder	O
Prophylaxe	O
der	O
Influenza	b-med
gebraucht	O
würde	O
,	O
sollte	O
Oseltamivir	O
oder	O
Zanamivir	O
gewähltwerden	O
.	O
Behandlung	b-med
der	O
EpidemieFür	O
die	O
meisten	O
jugendlichen	O
Patienten	b-med
und	O
jungen	O
Erwachsenen	O
besteht	O
die	O
Behandlung	O
der	O
Wahl	O
bei	O
unkompliziertem	O
Krankheitsverlauf	O
in	O
Bettruhe	O
und	O
einerausreichender	O
Flüssigkeitszufuhr	O
(Hoffmann	O
2006b)	O
.	O
Eine	O
antibiotische	O
Therapiesollte	O
der	O
Behandlung	b-med
von	O
sekundären	O
bakteriellen	O
Pneumonien	O
vorbehalten	O
bleiben	O
.	O
Ältere	O
Medikamente	b-med
wie	O
Rimantadin	O
und	O
Amantadin	O
sind	O
nur	O
gegen	O
das	O
InfluenzaA	O
Virus	b-med
wirksam	O
(CDC	O
2005)	O
.	O
Es	O
liegen	O
aber	O
nur	O
wenige	O
Daten	b-med
über	O
die	O
Anwendung	b-med
bei	O
älteren	O
Menschen	O
vor;	O
diese	O
Medikamente	b-med
haben	O
mehr	O
Nebenwirkungen	O
.	O
Während	O
der	O
Grippezeit	O
2005/2006	O
rieten	O
die	O
CDC	b-med
vom	O
Gebrauch	O
dieser	O
Medikamente	b-med
ab	O
(siehe	O
vorherigen	O
Absatz)	O
.	O
Falls	O
Rimantadin	O
oder	O
Amantadin	O
eingesetzt	O
werden	O
,	O
ist	O
es	O
wichtig	O
,	O
die	O
Entwicklung	b-med
von	O
Resistenzen	O
gegen	O
diese	O
antiviralen	b-med
Medikamente	i-med
zu	O
verringern	O
.	O
Daher	O
sollte	O
eine	O
Therapie	b-med
mit	O
Amantadin	b-med
oder	O
Rimantadin	b-med
so	O
bald	O
wie	O
möglich	O
wieder	O
abgesetzt	O
werden	O
,	O
in	O
der	O
Regel	O
nach	O
3	O
bis	O
5	O
Behandlungstagen	O
,	O
oder	O
innerhalb	O
von	O
24	O
bis	O
48	O
Stunden	O
nach	O
Abklingen	O
der	O
Symptomatik	b-med
.	O
Die	O
neueren	O
Neuraminidasehemmer	b-med
sind	O
für	O
die	O
Behandlung	b-med
von	O
Patienten	b-med
zugelassen	O
,	O
die	O
ein	O
Jahr	O
oder	O
älter	O
sind	O
Oseltamivir	b-med
oder	O
für	O
Patienten	b-med
,	O
die	O
sieben	O
Jahre	O
oder	O
älter	O
sind	O
Zanamivir	b-med
.	O
Sie	O
sind	O
bei	O
Patienten	b-med
mit	O
einer	O
komplikationslos	O
verlaufenden	O
akuten	O
Erkrankung	b-med
indiziert	O
,	O
wenn	O
die	O
Symptomatik	b-med
noch	O
nicht	O
längerals	O
zwei	O
Tage	O
besteht	O
.	O
Die	O
empfohlene	O
Therapiedauer	O
beträgt	O
für	O
beide	O
Medikamente	b-med
fünf	O
Tage	O
.	O
Theoretisch	O
könnte	O
jedes	O
menschliche	O
Wesen	O
von	O
diesem	O
neuen	O
Virus	b-med
infiziert	O
werden	O
,	O
seies	O
der	O
Bettler	O
aus	O
Paris	O
oder	O
der	O
Präsident	O
eines	O
wohlhabenden	O
westlichen	O
Landes	O
.	O
Falls	O
ein	O
neuartiger	O
,	O
pandemischer	O
Influenzastamm	b-med
die	O
Influenza	b-med
bei	O
Menschen	O
verursachen	O
wird	O
,	O
muss	O
sich	O
jeder	O
einzelne	O
eine	O
schützende	O
Antikörperantwort	b-med
gegen	O
das	O
Virus	b-med
aufbauen	O
,	O
aus	O
dem	O
einfachen	O
Grund	O
,	O
weil	O
das	O
Virus	O
sicher	O
über	O
viele	O
Jahre	O
bei	O
uns	O
bleiben	O
wird	O
.	O
Antikörper	b-med
werden	O
für	O
einen	O
gewissen	O
Schutz	O
gegen	O
den	O
neuen	O
Influenzastamm	b-med
sorgen	O
,	O
aber	O
um	O
Antikörper	O
entwikkeln	O
zu	O
können	O
,	O
muss	O
jemand	O
zuvor	O
entweder	O
infiziert	O
oder	O
geimpft	O
worden	O
sein	O
.	O
Für	O
die	O
große	O
Mehrheit	O
der	O
6	O
,5	O
Mrd	O
Menschen	O
wird	O
zu	O
keinem	O
Zeitpunkt	O
kurz	O
nachAuftreten	O
eines	O
neuen	O
pandemischen	b-med
Influenzavirus	b-med
ein	O
Impfstoff	b-med
verfügbar	O
sein	O
.	O
Sobald	O
sich	O
herausstellt	O
,	O
dass	O
ein	O
neues	O
Virus	b-med
effektiv	O
von	O
Mensch	b-med
zu	O
Menschübertragen	O
wird	O
,	O
wird	O
es	O
ungefähr	O
sechs	O
Monate	O
dauern	O
,	O
bevor	O
die	O
Herstellung	O
eines	O
korrespondierenden	O
Impfstoffes	O
beginnen	O
kann	O
.	O
Auch	O
danach	O
wird	O
die	O
Versor	O
26	O
Influenza	b-med
2006gung	O
mit	O
Impfstoffen	O
zunächst	O
äußerst	O
unzureichend	O
sein	O
.	O
Es	O
wird	O
Jahre	O
dauern	O
,	O
bisgenug	O
Impfstoff	b-med
für	O
6	O
,5	O
Mrd	O
.	O
Menschen	O
hergestellt	O
werden	O
kann	O
.	O
Darüber	O
hinauskonzentrieren	O
sich	O
die	O
Produktionskapazitäten	O
auf	O
Australien	b-med
,	O
Kanada	O
,	O
Frankreich	b-med
,	O
Deutschland	b-med
,	O
Italien	O
,	O
Japan	O
,	O
die	O
Niederlande	O
,	O
England	O
und	O
die	O
Vereinigten	O
Staaten	O
,und	O
man	O
kann	O
davon	O
ausgehen	O
,	O
dass	O
die	O
Verteilung	O
des	O
Impfstoffes	O
von	O
den	O
produzierenden	O
Nationen	O
kontrolliert	O
werden	O
wird	O
(Fedson	O
2005)	O
.	O
Wer	O
dann	O
zuerst	O
beliefert	O
werden	O
wird	O
,	O
können	O
uns	O
alle	O
vorstellen	O
.	O
Daher	O
ist	O
es	O
sinnvoll	O
davon	O
auszugehen	O
,	O
dass	O
die	O
große	O
Mehrheit	O
der	O
heute	O
lebenden	O
Bevölkerung	b-med
über	O
viele	O
,	O
viele	O
Monate	O
weder	O
zum	O
Impfstoff	b-med
noch	O
zu	O
antiviralenMedikamenten	b-med
Zugang	b-med
haben	O
wird	O
.	O
Wenn	O
ein	O
Impfstoff	b-med
nicht	O
,	O
oder	O
zu	O
spät	O
verfügbar	O
sein	O
wird	O
,	O
wird	O
womöglich	O
jeder	O
einzelne	O
Strategien	O
erarbeiten	O
,	O
um	O
mit	O
der	O
Situation	O
einer	O
Pandemie	b-med
zurechtzukommen	O
.	O
Die	O
Frage	O
,	O
die	O
sich	O
viele	O
Menschenstellen	O
werden	O
,	O
wird	O
lauten:	O
Konfrontieren	O
oder	O
Vermeiden?Es	O
bleibt	O
das	O
Problem	O
der	O
Wahl	O
des	O
richtigen	O
Zeitpunktes	O
,	O
wenn	O
man	O
sich	O
dafürentscheidet	O
,	O
die	O
Konfrontation	O
mit	O
einem	O
neuen	O
pandemischen	b-med
Virus	b-med
zu	O
suchen	O
undauf	O
einen	O
glücklichen	O
Verlauf	O
zu	O
hoffen	O
.	O
Man	O
kanndavon	O
ausgehen	O
,	O
dass	O
Menschen	O
,	O
die	O
während	O
der	O
ersten	O
Welle	O
infiziert	O
wurden	O
,	O
während	O
der	O
zweiten	O
Welle	O
einen	O
gewissen	O
Schutz	O
besaßen	O
.	O
Das	O
würdedafür	O
sprechen	O
,	O
so	O
schnell	O
wie	O
möglich	O
die	O
Konfrontation	O
mit	O
einem	O
neuen	O
Influenzastamm	b-med
zu	O
suchen	O
.	O
Allerdings	O
empfehlen	O
genauere	O
Daten	b-med
über	O
die	O
zweite	O
Erkrankungswelle	O
von1918	O
das	O
Gegenteil:	O
Je	O
später	O
jemand	O
im	O
Verlauf	O
der	O
zweiten	O
Erkrankungswelle	O
krank	b-med
wurde	O
,	O
desto	O
weniger	O
wahrscheinlich	O
verstarb	O
sie	O
oder	O
er	O
,	O
und	O
desto	O
leichter	O
verlief	O
die	O
Erkrankung	b-med
(Barry	O
2004)	O
.	O
Somit	O
hatten	O
die	O
Städte	O
der	O
amerikanischen	O
Westküste	O
,	O
die	O
später	O
betroffen	O
waren	O
,	O
niedrigere	O
Todesraten	O
als	O
dieStädte	O
der	O
Ostküste;	O
und	O
Australien	b-med
,	O
das	O
von	O
der	O
zweiten	O
Erkrankungswelle	O
erst1919	O
eingeholt	O
wurde	O
,	O
verzeichnete	O
die	O
niedrigste	O
Todesrate	b-med
aller	O
entwickeltenLänder	O
(Barry	O
2004)	O
.	O
Ein	O
allgemein	O
beobachtetes	O
Phänomen	O
bei	O
Infektionserkrankungen	O
ist	O
,	O
dass	O
die	O
Virulenz	O
des	O
Pathogens	O
im	O
Laufe	O
seiner	O
Entwicklung	b-med
in	O
einer	O
menschlichen	O
Population	b-med
abnimmt	O
.	O
Diese	O
Beobachtung	O
würde	O
die	O
zweite	O
Option	O
,	O
zum	O
Beispiel	O
das	O
Ausweichen	O
vor	O
einem	O
neuen	O
Influenzavirus	b-med
so	O
lange	O
es	O
geht	O
,	O
favorisieren	O
.	O
Die	O
extremste	O
Möglichkeit	O
,	O
der	O
Influenza	b-med
auszuweichen	O
wäre	O
,	O
in	O
entlegene	O
Gegenden	O
der	O
Erdkugel	O
zufliehen	O
–	O
einem	O
Gebirgsdorf	O
auf	O
Korsika	b-med
,	O
die	O
Libysche	O
Wüste	O
oder	O
auf	O
die	O
Amerikanische	b-med
Inselgruppe	O
Samoa	b-med
im	O
Pazifik	O
(Barry	O
2004)	O
.	O
Falls	O
ein	O
direkter	O
und	O
ungeschützter	O
Kontakt	O
mit	O
dem	O
neuen	O
Virusunvermeidbar	O
wird	O
,	O
ist	O
ein	O
gewisser	O
Schutz	O
immer	O
noch	O
möglich:	O
Gesichtsmasken(aber	O
werden	O
Masken	O
überall	O
verfügbar	O
sein?	O
Und	O
wie	O
lange?)	O
und	O
Fernhalten	O
vonMenschenansammlungen	O
(keine	O
Versammlungen	O
besuchen	O
,	O
so	O
viel	O
wie	O
möglich	O
zuIndividueller	O
Umgang	O
mit	O
Influenza	b-med
H5N1	b-med
27Hause	O
bleiben)	O
.	O
aber	O
was	O
ist	O
,	O
falls	O
jemand	O
als	O
Kassierer	O
in	O
einem	O
belebten	O
PariserSupermarkt	O
arbeitet;	O
als	O
Metrofahrer	O
in	O
Londons	O
Untergrundbahn	b-med
,	O
als	O
Angestellterin	O
einem	O
Büro	O
der	O
Berliner	O
Postzentrale?	O
Woher	O
bekommt	O
jemand	O
Geld	O
,	O
falls	O
erüber	O
Monate	O
nicht	O
arbeiten	O
geht?	O
Kann	O
man	O
sich	O
von	O
der	O
Welt	O
zurückziehen?	O
Kannman	O
sich	O
vom	O
Leben	O
zurückziehen?Behandlung	O
in	O
einer	O
PandemieWir	O
wissen	O
nicht	O
,	O
ob	O
die	O
gegenwärtig	O
verfügbaren	O
antiviralen	b-med
Medikamente	i-med
gegenden	O
nächsten	O
pandemischen	b-med
Influenzastamm	b-med
wirksam	O
sein	O
werden	O
.	O
Falls	O
die	O
Pandemie	b-med
durch	O
ein	O
H5N1	b-med
Virus	b-med
verursacht	O
werden	O
wird	O
,	O
werden	O
die	O
Neuraminidaseinhibitoren	O
Oseltamivir	O
und	O
Zanamivir	O
die	O
kritischen	O
Punkte	O
bei	O
den	O
Planungenfür	O
eine	O
Pandemie	b-med
darstellen	O
(Moscona	O
2005)	O
.	O
Um	O
es	O
nochmals	O
zu	O
betonen:	O
diemeisten	O
Menschen	O
auf	O
der	O
Erde	O
werden	O
zu	O
diesen	O
Medikamenten	b-med
keinen	O
Zuganghaben	O
.	O
Es	O
gibt	O
nur	O
wenige	O
Vorräte	O
und	O
es	O
ist	O
nicht	O
einfach	O
,	O
die	O
Produktionskapazitätzu	O
erhöhen	O
.	O
Selbst	O
in	O
Ländern	O
,	O
in	O
denen	O
Oseltamivir	O
vorrätig	O
gehalten	O
wird	O
,	O
wirddie	O
Verteilung	O
eines	O
Medikamentes	O
,	O
das	O
nur	O
in	O
unzureichender	O
Menge	O
verfügbar	O
ist	O
,zu	O
erheblichen	O
ethischen	O
Problemen	O
bei	O
der	O
Behandlung	b-med
führen	O
.	O
In	O
einigen	O
Ländernmit	O
ausgesprochen	O
Unterschieden	O
zwischen	O
Arm	b-med
und	O
Reich	O
(z	O
.	O
B	O
einige	O
Afrikanische	O
und	O
Lateinamerikanische	O
Länder	O
,	O
die	O
Vereinigten	O
Staaten)	O
sind	O
soziale	O
Unruhen	O
zu	O
erwarten	O
.	O
Erfahrungen	O
mit	O
die	O
Behandlung	b-med
der	O
H5N1	b-med
Influenza	b-med
beim	O
Menschen	O
sind	O
begrenzt	O
,	O
und	O
klinische	O
Berichte	b-med
,	O
die	O
bis	O
heute	O
veröffentlicht	O
wurden	O
,	O
schließen	O
nurwenige	O
Patienten	b-med
ein	O
(Yuen	O
1998	O
,	O
Chan	O
2002	O
,	O
Hien	O
2004	O
,	O
Chotpitayasunondh	O
2005	O
,	O
WHO	b-med
2005	O
,	O
de	O
Jong	O
2005)	O
.	O
Insbesondere	O
die	O
optimale	O
Dosierung	b-med
und	O
Dauer	O
einerOseltamivirbehandlung	O
ist	O
bei	O
H5N1	b-med
unklar	O
.	O
Vorläufigen	O
Empfehlungen	O
lauten(WHO	O
2005):	O
Die	O
Therapie	b-med
mit	O
Oseltamivir	O
sollte	O
so	O
früh	O
wie	O
möglich	O
begonnen	O
werden	O
.	O
Weil	O
die	O
Mortalitätsrate	O
bei	O
H5N1	b-med
Erkrankungen	b-med
mit	O
dem	O
H5N1	b-med
Virus	b-med
immernoch	O
sehr	O
hoch	O
ist	O
,	O
sollte	O
eine	O
Behandlung	b-med
auch	O
noch	O
8	O
Tage	O
nach	O
Auftretender	O
Symptome	b-med
in	O
Betracht	O
gezogen	O
werden	O
,	O
falls	O
es	O
Anzeichen	O
einer	O
anhaltenden	O
Virusreplikation	O
gibt	O
(WHO	O
2005	O
,	O
de	O
Jong	O
2005)Bei	O
schweren	O
Krankheitsverläufen	O
muss	O
bedacht	O
werden	O
,	O
die	O
Oseltamivirdosiszu	O
erhöhen	O
(für	O
Erwachsene	b-med
auf	O
15.	O
mg	b-med
zwei	O
mal	O
täglich)	O
und	O
die	O
Therapieüber	O
einen	O
längeren	O
Zeitraum	O
(7	O
bis	O
1.	O
Tage	O
oder	O
länger)	O
fortzuführen	O
(WHO2006d)Oseltamivir	O
wird	O
im	O
Allgemeinen	O
gut	O
vertragen	O
.	O
Dennoch	O
können	O
bei	O
höherer	O
Dosierung	b-med
vor	O
allem	O
gastrointestinale	O
Nebenwirkungen	b-med
vermehrt	O
auftreten	O
,	O
insbesondere	O
wenn	O
die	O
Dosis	b-med
30.	O
mg	b-med
täglich	O
übersteigt	O
(WHO	O
2006d)	O
.	O
Strategien	O
für	O
eine	O
EpidemieIn	O
den	O
Jahren	O
zwischen	O
zwei	O
Pandemien	b-med
bildet	O
die	O
Impfung	b-med
(siehe	O
Zusammenfassung	O
der	O
CDC	b-med
2005)	O
die	O
Grundlage	O
der	O
medizinischen	O
Intervention	O
.	O
Weil	O
Influenzaviren	b-med
ständig	O
mutieren	O
,	O
muss	O
die	O
Zusammensetzung	O
des	O
Impfstoffes	O
jährlichüberprüft	O
werden	O
.	O
Die	O
Entscheidung	O
über	O
die	O
Zusammensetzung	O
des	O
nächsten	O
„Cocktails“	O
erfolgt	O
jeweils	O
im	O
Februar	O
für	O
den	O
darauf	O
folgendenWinter	O
der	O
nördlichen	O
Hemisphäre	b-med
(WHO	O
2006b)	O
,	O
und	O
im	O
September	O
für	O
den	O
darauffolgenden	O
Winter	O
der	O
südlichen	O
Hemisphäre	O
.	O
Strategien	O
für	O
eine	O
Pandemie–	O
Siehe	O
auch	O
Reyes-Terán	O
2006	O
und	O
WHO	b-med
2006c	O
–Schwere	O
InfluenzaPandemien	b-med
sind	O
seltene	O
und	O
unvorhersagbare	O
Ereignisse	O
.	O
Die	O
Bedeutung	O
für	O
die	O
Gesundheit	b-med
derMenschheit	O
kann	O
sehr	O
unterschiedlich	O
sein	O
und	O
wird	O
ausgedrückt	O
in	O
der	O
Anzahl	O
der:•infizierten	O
Personen•klinisch	O
kranken	O
Personen•hospitalisierten	O
Patienten•	O
Todesfälle	O
.	O
Man	O
geht	O
davon	O
aus	O
,	O
dass	O
sich	O
während	O
des	O
ersten	O
Jahres	O
der	O
nächsten	O
Pandemie	b-med
2Milliarden	O
Menschen	O
mit	O
dem	O
neuen	O
Virus	b-med
infizieren	b-med
werden	O
,	O
und	O
dass	O
die	O
Hälftevon	O
ihnen	O
symptomatisch	O
werden	O
wird	O
.	O
Voraussagen	O
über	O
die	O
zu	O
erwartende	O
Anzahl	O
von	O
Menschen	O
,	O
die	O
hospitalisiert	O
werden	O
müssen	O
oder	O
über	O
die	O
Todesrate	b-med
sindweniger	O
genau	O
.	O
Während	O
der	O
Pandemien	b-med
1957	O
und	O
1968	O
wurden	O
die	O
zusätzlichenTodesfälle	O
auf	O
jeweils	O
etwa	O
eine	O
Million	O
geschätzt	O
.	O
Im	O
Gegensatz	O
dazu	O
schätzt	O
man	O
,dass	O
1918	O
im	O
Rahmen	O
der	O
InfluenzaPandemie	b-med
5.	O
Millionen	O
Menschen	O
verstarben	O
.	O
In	O
einer	O
Welt	O
mit	O
umfassender	O
Berichterstattung	O
in	O
den	O
Medien	O
über	O
Katastrophen	O
,	O
würde	O
die	O
daraus	O
resultierende	O
Stimmung	b-med
wahrscheinlich	O
der	O
einer	O
Kriegssituation	O
gleichen	O
.	O
Im	O
Gegensatz	O
dazu	O
würdeeine	O
leichte	O
Pandemie	b-med
,	O
ähnlich	O
wie	O
1968	O
,	O
fast	O
unbemerkt	O
und	O
ohne	O
erheblichen	O
Einfluss	O
auf	O
die	O
nationalen	O
Gesundheitssysteme	O
und	O
die	O
Weltwirtschaft	O
vorübergehen	O
.	O
Die	O
Sorge	O
,	O
dass	O
die	O
Welt	O
erneut	O
von	O
einer	O
Katastrophe	O
wie	O
1918	O
getroffen	O
werdenkönnte	O
,	O
basiert	O
auf	O
der	O
Beobachtung	O
,	O
dass	O
das	O
derzeit	O
verbreitete	O
Virus	b-med
beunruhigende	O
Eigenschaften	O
mit	O
dem	O
Virus	O
der	O
1918-er	O
Pandemie	b-med
teilt	O
(Taubenberger2005)	O
.	O
Falls	O
H5N1	b-med
jedoch	O
das	O
Virus	b-med
für	O
die	O
nächste	O
verheerende	O
Influenzapandemiesein	O
sollte	O
,	O
warum	O
hat	O
es	O
dann	O
noch	O
nicht	O
die	O
Eigenschaft	O
erworben	O
,	O
sich	O
leicht	O
unter	O
Menschen	O
auszubreiten?	O
In	O
den	O
letzten	O
Jahren	O
hatte	O
H5N1	b-med
sowohl	O
Zeit	O
als	O
auchGelegenheit	O
,	O
in	O
einen	O
pandemischen	b-med
Stamm	b-med
zu	O
mutieren	O
.	O
Warum	O
hat	O
es	O
dies	O
nochnicht	O
getan?	O
Und	O
wenn	O
es	O
das	O
in	O
fast	O
zehn	O
Jahren	O
noch	O
nicht	O
getan	O
hat	O
,	O
warum	O
solltees	O
dies	O
dann	O
in	O
Zukunft	O
tun?	O
Tatsächlich	O
weiß	O
man	O
nur	O
von	O
dreien	O
(H1	O
,	O
H2	O
,	O
H3)	O
der16	O
Influenza	b-med
H	O
Subtypen	O
,	O
dass	O
sie	O
Pandemien	b-med
unter	O
Menschen	O
ausgelöst	O
haben(1918	O
,	O
1957	O
,	O
1968	O
und	O
wahrscheinlich	O
1889	O
(Dowdle	O
2006))	O
,	O
und	O
es	O
war	O
sogar	O
dieHypothese	O
aufgestellt	O
worden	O
,	O
dass	O
H5	O
Viren	b-med
aufgrund	O
angeborener	O
Eigenschaftenüberhaupt	O
nicht	O
in	O
der	O
Lage	b-med
ist	O
,	O
wirksam	O
von	O
Mensch	b-med
zu	O
Mensch	O
übertragen	O
zuwerden	O
.	O
Sollten	O
wir	O
eines	O
Tages	O
entdecken	O
,	O
dass	O
sich	O
H5	O
Viren	b-med
nicht	O
für	O
eine	O
Pandemie	b-med
unter	O
Menschen	O
eignen	O
,	O
weil	O
nicht	O
alle	O
möglichen	O
Subtypen	O
reassorten	O
können	O
,	O
um	O
funktionstüchtige	O
menschliche	O
PandemieStämme	b-med
zu	O
bilden?	O
Wir	O
wissen	O
esnicht	O
.	O
Abgesehen	O
von	O
stufenweisen	O
Mutationen	b-med
,	O
die	O
ein	O
Vogelgrippevirus	O
in	O
einmenschliches	O
Influenzavirus	b-med
verwandeln	O
,	O
ist	O
das	O
Reassortment	O
der	O
zweite	O
Weg	O
,über	O
den	O
neue	O
pandemische	O
Viren	b-med
geschaffen	O
werden	O
.	O
Die	O
beiden	O
Pandemien	b-med
,	O
diedurch	O
dieses	O
Phänomen	O
ausgelöst	O
wurden	O
,	O
traten	O
1957	O
und	O
1968	O
auf	O
.	O
Beide	O
zeigteneinen	O
relativ	O
gutartigen	O
Verlauf	O
und	O
unterschieden	O
sich	O
grundsätzlich	O
von	O
dem	O
,	O
was1918	O
geschah	O
.	O
Es	O
gibt	O
einige	O
vorläufige	O
experimentelle	O
Hinweise	O
darauf	O
,	O
dass	O
reasssortete	O
Viren	b-med
aus	O
dem	O
1918er	O
Virus	b-med
weniger	O
virulent	O
sein	O
könnten	O
,	O
als	O
die	O
koordinierte	O
Expression	O
aller	O
acht	O
Gene	b-med
aus	O
dem	O
1918er	O
Virus	O
(Tumpey	O
2005)	O
.	O
Bedeutetdas	O
,	O
dass	O
Pandemien	b-med
,	O
die	O
das	O
Ergebnis	b-med
eines	O
Reassortments	O
von	O
einem	O
menschli-3.	O
Influenza	b-med
2006chen	O
Virus	b-med
und	O
einem	O
Vogelvirus	O
sind	O
,	O
schwächer	O
verlaufen	O
als	O
Pandemien	b-med
,	O
diedurch	O
ein	O
Virus	O
verursacht	O
werden	O
,	O
das	O
langsam	O
Mutationen	b-med
angehäuft	O
hat	O
,	O
um	O
vonWasservögeln	O
zu	O
menschlichen	O
Wirten	O
überzutreten?	O
Wir	O
wissen	O
es	O
nicht	O
.	O
EindämmungMan	O
schätzt	O
,	O
dass	O
es	O
möglich	O
wäre	O
,	O
durch	O
eine	O
Kombination	O
aus	O
antiviraler	O
Prophylaxe	O
und	O
Maßnahmen	O
zum	O
Abstandhalten	O
im	O
sozialen	O
Bereich	b-med
,	O
einen	O
aufstrebenden	O
pandemischen	b-med
Influenzastamm	b-med
am	O
Ursprungsort	O
einzudämmen	O
und	O
zu	O
eliminieren	O
(Ferguson	O
2005	O
,	O
Longini	O
2005)	O
.	O
Zu	O
diesem	O
Zweck	O
hat	O
die	O
WHO	b-med
vor	O
kurzem	O
begonnen	O
,	O
einen	O
internationalen	O
Vorrat	O
an	O
Medikamenten	b-med
für	O
3	O
Millionen	O
antivirale	O
Therapien	b-med
anzulegen	O
,	O
um	O
diese	O
rasch	O
zum	O
Ort	O
einer	O
beginnenden	O
InfluenzaPandemie	b-med
verschicken	O
zu	O
können	O
.	O
Eine	O
optimale	O
Strategiezum	O
Gebrauch	O
der	O
eingelagerten	O
antiviralen	b-med
Medikamente	i-med
ist	O
jedoch	O
nicht	O
bekannt	O
,weil	O
nie	O
zuvor	O
versucht	O
wurde	O
,	O
eine	O
entstehende	O
InfluenzaPandemie	b-med
aufzuhalten	O
.	O
MedikamenteWenn	O
eine	O
Pandemie	b-med
erst	O
begonnen	O
hat	O
.	O
und	O
Impfstoffe	b-med
noch	O
nicht	O
zur	O
Verfügungstehen	O
.	O
hängen	O
die	O
nationalen	O
Maßnahmen	O
von	O
der	O
Verfügbarkeit	b-med
antiviraler	O
Medikamente	b-med
ab	O
.	O
Weil	O
die	O
Nachfrage	O
nach	O
dem	O
Medikament	b-med
,	O
entweder	O
in	O
Form	O
von	O
Kapseln	b-med
oder	O
als	O
lose	O
aktive	O
pharmazeutische	b-med
Substanz	O
,	O
größer	O
sein	O
wird	O
als	O
der	O
Vorrat	O
,	O
wurde	O
die	O
Lagerung	O
antiviraler	O
Medikamente	b-med
von	O
einigen	O
Regierungen	O
alserfolgversprechende	O
Option	O
in	O
Erwägung	O
gezogen	O
.	O
Die	O
Diskussion	O
darüber	O
,	O
welche	O
Medikamente	b-med
vorrätig	O
gehalten	O
werden	O
sollten	O
,	O
istnoch	O
nicht	O
beendet	O
.	O
H5N1	b-med
Isolate	O
,die	O
2003	O
von	O
Patienten	b-med
in	O
China	O
gewonnen	O
wurden	O
und	O
Isolate	O
eines	O
Abkömmlingsvon	O
aviären	O
und	O
humanen	O
H5N1	b-med
Viren	b-med
aus	O
Thailand	O
,	O
Vietnam	O
und	O
Kambodscha	O
,waren	O
resistent	O
gegen	O
Adamantine	O
.	O
Jedoch	O
scheinen	O
Isolate	O
,	O
die	O
vonkürzlich	O
in	O
Indonesien	O
,	O
China	O
,	O
der	O
Mongolei	O
,	O
Russland	b-med
und	O
der	O
Türkei	O
zirkulierenden	O
Virusstämmen	b-med
getestet	O
wurden	O
,	O
gegenüber	O
Amantadine	O
empfindlich	O
zu	O
sein	O
.	O
In	O
Hinsicht	O
auf	O
die	O
wirtschaftliche	O
Bedeutung	O
gibt	O
es	O
gewissen	O
Hinweise	O
darauf	O
,	O
dass	O
sich	O
selbst	O
die	O
Einlagerung	O
der	O
teuren	O
Neuraminidaseinhibitoren	O
für	O
die	O
Behandlung	b-med
von	O
Patienten	b-med
rechnen	O
würde	O
,	O
wenn	O
es	O
zusätzlich	O
auchangemessene	O
Vorräte	O
für	O
eine	O
kurzzeit	O
Postexpositionsprophylaxe	b-med
für	O
nahe	O
Kontaktpersonen	O
gäbe	O
.	O
Wenn	O
man	O
Strategien	O
zur	O
Vorratshaltung	O
dieser	O
Medikamente	b-med
für	O
die	O
Behandlung	b-med
und	O
Prävention	b-med
der	O
Influenza	b-med
in	O
Singapur	O
vergleicht	O
,	O
wurden	O
mit	O
der	O
reinen	O
Therapie	b-med
optimale	O
wirtschaftliche	O
Vorteile	O
erzielt	O
:	O
Die	O
Einlagerung	O
von	O
antiviralen	b-med
Medikamenten	i-med
für	O
40%	O
der	O
Bevölkerung	b-med
würde	O
Weltweite	O
Strategien	O
schätzungsweise	O
418	O
Leben	O
retten	O
und	O
414	O
Millionen	O
$	O
einsparen	O
,	O
wobei	O
sich	O
die	O
Kosten	O
pro	O
Haltbarkeitsspanne	O
des	O
Vorrates	O
auf	O
52	O
.	O
Als	O
wirtschaftlich	O
sinnvoll	O
erwies	O
sich	O
die	O
Prophylaxe	b-med
in	O
HochrisikoSubpopulationen	O
,	O
die	O
für	O
78%	O
der	O
Todesfälle	O
verantwortlich	O
sind	O
und	O
bei	O
Pandemien	b-med
,	O
bei	O
denen	O
die	O
Todesrate	b-med
mehr	O
als	O
.	O
,6	O
%	O
betrug	O
.	O
Sobald	O
eine	O
Pandemie	b-med
begonnen	O
hat	O
,	O
werden	O
Länder	O
,	O
die	O
keine	O
antiviralen	b-med
Medikamente	i-med
eingelagert	O
haben	O
,	O
wahrscheinlich	O
nicht	O
mehr	O
in	O
der	O
Lage	b-med
sein	O
,	O
neue	O
Vorräte	O
zu	O
kaufen	O
.	O
In	O
diesem	O
Zusammenhang	O
wurde	O
vorgeschlagen	O
,	O
dass	O
Regierungenobligatorisch	O
Vorkehrungen	O
für	O
Lizenzierungsmaßnahmen	O
treffen	O
,	O
die	O
es	O
den	O
Herstellern	O
von	O
Generika	O
erlauben	O
,	O
vor	O
Ort	O
unter	O
einheimischem	O
Patentrecht	O
die	O
Herstellung	O
antiviraler	O
Medikamente	b-med
zu	O
beginnen	O
,	O
oder	O
sie	O
zu	O
erschwinglichen	O
Preisenvon	O
Generikaherstellern	O
zu	O
importieren	O
(Lokuge	O
2006)	O
.	O
In	O
Europa	O
versuchen	O
einigeRegierungen	O
,	O
für	O
25%	O
der	O
Bevölkerung	b-med
Vorräte	O
des	O
Neuraminidaseinhibitors	O
Oseltamivir	O
anzulegen	O
.	O
Die	O
Menge	O
der	O
Dosierungen	O
,	O
die	O
gebraucht	O
werden	O
,	O
um	O
ein	O
solches	O
Maß	O
an	O
„Abdeckung“	O
zu	O
erreichen	O
basiert	O
auf	O
der	O
Standartbehandlung	O
vonzweimal	O
täglich	O
75	O
mg	b-med
über	O
5	O
Tage	O
.	O
Falls	O
sich	O
jedoch	O
herausstellen	O
sollte	O
,	O
dass	O
diedoppelte	O
Dosis	b-med
über	O
einen	O
doppelt	O
so	O
langen	O
Zeitraum	O
(WHO	O
2005	O
,	O
WHO	b-med
2006d)für	O
einen	O
wesentlichen	O
Teil	O
der	O
Patienten	b-med
nötig	O
sein	O
würde	O
,	O
könnte	O
ein	O
Vorrat	O
,	O
derfür	O
25%	O
der	O
Bevölkerung	b-med
geplant	O
war	O
,	O
schneller	O
als	O
erwartet	O
dahin	O
schmelzen	O
.	O
Genauere	O
Informationen	O
zur	O
medikamentösen	O
Behandlung	b-med
der	O
Influenza	b-med
finden	O
sichunter	O
Hoffmann	O
2006b	O
.	O
ImpfstoffeIn	O
einer	O
perfekten	O
Welt	O
stünden	O
uns	O
am	O
Tag	O
,	O
nachdem	O
eine	O
Pandemie	b-med
ausgebrochenwäre	O
,	O
6	O
,5	O
Billionen	O
Impfstoffdosen	O
zur	O
Verfügung;	O
dazu	O
hätten	O
wir	O
auch	O
6	O
,5	O
Billionen	O
Spritzen	O
für	O
die	O
Injektion	b-med
des	O
Impfstoffes;	O
und	O
schließlich	O
hätten	O
wir	O
eine	O
unbegrenzte	O
Anzahl	O
an	O
medizinischem	O
Personal	b-med
,	O
um	O
die	O
Impfstoffe	b-med
verabreichen	O
zukönnen.	O